2026-01-06 15:48:30 [INFO] Stats refresh: classAvg=0.00
2026-01-06 15:48:33 [INFO] Stats refresh: classAvg=0.00
2026-01-06 15:48:36 [INFO] Stats refresh: classAvg=0.00
2026-01-06 15:48:39 [INFO] Stats refresh: classAvg=0.00
2026-01-06 15:48:42 [INFO] Stats refresh: classAvg=0.00
2026-01-06 15:48:45 [INFO] Stats refresh: classAvg=0.00
2026-01-06 15:48:48 [INFO] Stats refresh: classAvg=0.00
2026-01-06 15:48:51 [INFO] Stats refresh: classAvg=0.00
2026-01-06 15:48:54 [INFO] Stats refresh: classAvg=0.00
2026-01-06 15:48:57 [INFO] Stats refresh: classAvg=0.00
2026-01-06 15:49:00 [INFO] Stats refresh: classAvg=0.00
2026-01-06 15:49:03 [INFO] Stats refresh: classAvg=0.00
2026-01-06 15:49:06 [INFO] Stats refresh: classAvg=0.00
2026-01-06 15:49:09 [INFO] Stats refresh: classAvg=0.00
2026-01-06 15:49:12 [INFO] Stats refresh: classAvg=0.00
2026-01-06 15:49:15 [INFO] Stats refresh: classAvg=0.00
2026-01-06 15:49:18 [INFO] Stats refresh: classAvg=0.00
2026-01-06 15:49:21 [INFO] Stats refresh: classAvg=0.00
2026-01-06 15:49:25 [INFO] Stats refresh: classAvg=0.00
2026-01-06 15:49:27 [INFO] Stats refresh: classAvg=0.00
2026-01-06 15:49:30 [INFO] Stats refresh: classAvg=0.00
2026-01-06 15:49:33 [INFO] Stats refresh: classAvg=0.00
2026-01-06 15:49:36 [INFO] Stats refresh: classAvg=0.00
2026-01-06 15:49:40 [INFO] Stats refresh: classAvg=0.00
2026-01-06 15:49:42 [INFO] Stats refresh: classAvg=0.00
2026-01-06 15:49:46 [INFO] Stats refresh: classAvg=0.00
2026-01-06 15:49:48 [INFO] Stats refresh: classAvg=0.00
2026-01-06 15:49:51 [INFO] Stats refresh: classAvg=0.00
2026-01-06 15:49:54 [INFO] Stats refresh: classAvg=0.00
2026-01-06 15:49:58 [INFO] Stats refresh: classAvg=0.00
2026-01-06 15:50:01 [INFO] Stats refresh: classAvg=0.00
2026-01-06 15:50:05 [INFO] Stats refresh: classAvg=0.00
2026-01-06 15:50:06 [INFO] Stats refresh: classAvg=0.00
2026-01-06 15:50:09 [INFO] Stats refresh: classAvg=0.00
2026-01-06 15:50:12 [INFO] Stats refresh: classAvg=0.00
2026-01-06 15:50:15 [INFO] Stats refresh: classAvg=0.00
2026-01-06 15:50:19 [INFO] Stats refresh: classAvg=0.00
2026-01-06 15:50:21 [INFO] Stats refresh: classAvg=0.00
2026-01-06 15:50:24 [INFO] Stats refresh: classAvg=0.00
2026-01-06 15:50:28 [INFO] Stats refresh: classAvg=0.00
2026-01-06 15:50:31 [INFO] Stats refresh: classAvg=0.00
2026-01-06 15:50:33 [INFO] Stats refresh: classAvg=0.00
2026-01-06 15:50:36 [INFO] Stats refresh: classAvg=0.00
2026-01-06 15:50:39 [INFO] Stats refresh: classAvg=0.00
2026-01-06 15:50:43 [INFO] Stats refresh: classAvg=0.00
2026-01-06 15:50:47 [INFO] Stats refresh: classAvg=0.00
2026-01-06 15:50:48 [INFO] Stats refresh: classAvg=0.00
2026-01-06 15:50:51 [INFO] Stats refresh: classAvg=0.00
2026-01-06 15:50:54 [INFO] Stats refresh: classAvg=0.00
2026-01-06 15:50:58 [INFO] Stats refresh: classAvg=0.00
2026-01-06 15:51:01 [INFO] Stats refresh: classAvg=0.00
2026-01-06 15:51:03 [INFO] Stats refresh: classAvg=0.00
2026-01-06 15:51:06 [INFO] Stats refresh: classAvg=0.00
2026-01-06 15:51:09 [INFO] Stats refresh: classAvg=0.00
2026-01-06 15:51:12 [INFO] Stats refresh: classAvg=0.00
2026-01-06 15:51:15 [INFO] Stats refresh: classAvg=0.00
2026-01-06 15:51:18 [INFO] Stats refresh: classAvg=0.00
2026-01-06 15:51:21 [INFO] Stats refresh: classAvg=0.00
2026-01-06 15:51:25 [INFO] Stats refresh: classAvg=0.00
2026-01-06 15:51:27 [INFO] Stats refresh: classAvg=0.00
2026-01-06 15:51:30 [INFO] Stats refresh: classAvg=0.00
2026-01-06 15:51:33 [INFO] Stats refresh: classAvg=0.00
2026-01-06 15:51:48 [INFO] Stats refresh: classAvg=0.00
2026-01-06 15:51:51 [INFO] Stats refresh: classAvg=0.00
2026-01-06 15:51:54 [INFO] Stats refresh: classAvg=0.00
2026-01-06 15:51:57 [INFO] Stats refresh: classAvg=0.00
2026-01-06 15:52:00 [INFO] Stats refresh: classAvg=0.00
2026-01-06 15:52:03 [INFO] Stats refresh: classAvg=0.00
2026-01-06 15:52:06 [INFO] Stats refresh: classAvg=0.00
2026-01-06 15:52:09 [INFO] Stats refresh: classAvg=0.00
2026-01-06 15:52:12 [INFO] Stats refresh: classAvg=0.00
2026-01-06 15:52:15 [INFO] Stats refresh: classAvg=0.00
2026-01-06 15:52:18 [INFO] Stats refresh: classAvg=0.00
2026-01-06 15:52:21 [INFO] Stats refresh: classAvg=0.00
2026-01-06 15:52:24 [INFO] Stats refresh: classAvg=0.00
2026-01-06 15:52:27 [INFO] Stats refresh: classAvg=0.00
2026-01-06 15:52:30 [INFO] Stats refresh: classAvg=0.00
2026-01-06 15:52:33 [INFO] Stats refresh: classAvg=0.00
2026-01-06 15:52:36 [INFO] Stats refresh: classAvg=0.00
2026-01-06 15:52:39 [INFO] Stats refresh: classAvg=0.00
2026-01-06 15:52:42 [INFO] Stats refresh: classAvg=0.00
2026-01-06 15:52:45 [INFO] Stats refresh: classAvg=0.00
2026-01-06 15:52:48 [INFO] Stats refresh: classAvg=0.00
2026-01-06 15:52:51 [INFO] Stats refresh: classAvg=0.00
2026-01-06 15:52:54 [INFO] Stats refresh: classAvg=0.00
2026-01-06 15:52:57 [INFO] Stats refresh: classAvg=0.00
2026-01-06 15:53:00 [INFO] Stats refresh: classAvg=0.00
2026-01-06 15:53:03 [INFO] Stats refresh: classAvg=0.00
2026-01-06 15:53:06 [INFO] Stats refresh: classAvg=0.00
2026-01-06 15:53:09 [INFO] Stats refresh: classAvg=0.00
2026-01-06 15:53:12 [INFO] Stats refresh: classAvg=0.00
2026-01-06 15:53:15 [INFO] Stats refresh: classAvg=0.00
2026-01-06 15:53:18 [INFO] Stats refresh: classAvg=0.00
2026-01-06 15:53:21 [INFO] Stats refresh: classAvg=0.00
2026-01-06 15:53:24 [INFO] Stats refresh: classAvg=0.00
2026-01-06 15:53:27 [INFO] Stats refresh: classAvg=0.00
2026-01-06 15:53:30 [INFO] Stats refresh: classAvg=0.00
2026-01-06 15:53:33 [INFO] Stats refresh: classAvg=0.00
2026-01-06 15:53:36 [INFO] Stats refresh: classAvg=0.00
2026-01-06 15:53:39 [INFO] Stats refresh: classAvg=0.00
2026-01-06 15:53:42 [INFO] Stats refresh: classAvg=0.00
2026-01-06 15:53:45 [INFO] Stats refresh: classAvg=0.00
2026-01-06 15:53:48 [INFO] Stats refresh: classAvg=0.00
2026-01-06 15:53:51 [INFO] Stats refresh: classAvg=0.00
2026-01-06 15:53:54 [INFO] Stats refresh: classAvg=0.00
2026-01-06 15:53:57 [INFO] Stats refresh: classAvg=0.00
2026-01-06 15:54:00 [INFO] Stats refresh: classAvg=0.00
2026-01-06 15:54:03 [INFO] Stats refresh: classAvg=0.00
2026-01-06 15:54:06 [INFO] Stats refresh: classAvg=0.00
2026-01-06 15:54:09 [INFO] Stats refresh: classAvg=0.00
2026-01-06 15:54:12 [INFO] Stats refresh: classAvg=0.00
2026-01-06 15:54:15 [INFO] Stats refresh: classAvg=0.00
2026-01-06 15:54:18 [INFO] Stats refresh: classAvg=0.00
2026-01-06 15:54:21 [INFO] Stats refresh: classAvg=0.00
2026-01-06 15:54:24 [INFO] Stats refresh: classAvg=0.00
2026-01-06 15:54:27 [INFO] Stats refresh: classAvg=0.00
2026-01-06 15:54:30 [INFO] Stats refresh: classAvg=0.00
2026-01-06 15:54:33 [INFO] Stats refresh: classAvg=0.00
2026-01-06 15:54:36 [INFO] Stats refresh: classAvg=0.00
2026-01-06 15:54:39 [INFO] Stats refresh: classAvg=0.00
2026-01-06 15:54:42 [INFO] Stats refresh: classAvg=0.00
2026-01-06 15:54:45 [INFO] Stats refresh: classAvg=0.00
2026-01-06 15:54:48 [INFO] Stats refresh: classAvg=0.00
2026-01-06 15:54:51 [INFO] Stats refresh: classAvg=0.00
2026-01-06 15:54:54 [INFO] Stats refresh: classAvg=0.00
2026-01-06 15:54:57 [INFO] Stats refresh: classAvg=0.00
2026-01-06 15:55:00 [INFO] Stats refresh: classAvg=0.00
2026-01-06 15:55:03 [INFO] Stats refresh: classAvg=0.00
2026-01-06 15:55:06 [INFO] Stats refresh: classAvg=0.00
2026-01-06 15:55:09 [INFO] Stats refresh: classAvg=0.00
2026-01-06 15:55:12 [INFO] Stats refresh: classAvg=0.00
2026-01-06 15:55:15 [INFO] Stats refresh: classAvg=0.00
2026-01-06 15:55:18 [INFO] Stats refresh: classAvg=0.00
2026-01-06 15:55:21 [INFO] Stats refresh: classAvg=0.00
2026-01-06 15:55:24 [INFO] Stats refresh: classAvg=0.00
2026-01-06 15:55:27 [INFO] Stats refresh: classAvg=0.00
2026-01-06 15:55:30 [INFO] Stats refresh: classAvg=0.00
2026-01-06 15:55:33 [INFO] Stats refresh: classAvg=0.00
2026-01-06 15:55:36 [INFO] Stats refresh: classAvg=0.00
2026-01-06 15:55:39 [INFO] Stats refresh: classAvg=0.00
2026-01-06 15:55:42 [INFO] Stats refresh: classAvg=0.00
2026-01-06 15:55:45 [INFO] Stats refresh: classAvg=0.00
2026-01-06 15:55:48 [INFO] Stats refresh: classAvg=0.00
2026-01-06 15:55:51 [INFO] Stats refresh: classAvg=0.00
2026-01-06 15:55:54 [INFO] Stats refresh: classAvg=0.00
2026-01-06 15:55:57 [INFO] Stats refresh: classAvg=0.00
2026-01-06 15:56:00 [INFO] Stats refresh: classAvg=0.00
2026-01-06 15:56:03 [INFO] Stats refresh: classAvg=0.00
2026-01-06 15:56:06 [INFO] Stats refresh: classAvg=0.00
2026-01-06 15:56:09 [INFO] Stats refresh: classAvg=0.00
2026-01-06 15:56:12 [INFO] Stats refresh: classAvg=0.00
2026-01-06 15:56:15 [INFO] Stats refresh: classAvg=0.00
2026-01-06 15:56:18 [INFO] Stats refresh: classAvg=0.00
2026-01-06 15:56:21 [INFO] Stats refresh: classAvg=0.00
2026-01-06 15:56:24 [INFO] Stats refresh: classAvg=0.00
2026-01-06 15:56:28 [INFO] Stats refresh: classAvg=0.00
2026-01-06 15:56:30 [INFO] Stats refresh: classAvg=0.00
2026-01-06 15:56:33 [INFO] Stats refresh: classAvg=0.00
2026-01-06 15:56:36 [INFO] Stats refresh: classAvg=0.00
2026-01-06 15:56:39 [INFO] Stats refresh: classAvg=0.00
2026-01-06 15:56:42 [INFO] Stats refresh: classAvg=0.00
2026-01-06 15:56:45 [INFO] Stats refresh: classAvg=0.00
2026-01-06 15:56:48 [INFO] Stats refresh: classAvg=0.00
2026-01-06 15:56:51 [INFO] Stats refresh: classAvg=0.00
2026-01-06 15:56:54 [INFO] Stats refresh: classAvg=0.00
2026-01-06 15:56:57 [INFO] Stats refresh: classAvg=0.00
2026-01-06 15:57:00 [INFO] Stats refresh: classAvg=0.00
2026-01-06 15:57:03 [INFO] Stats refresh: classAvg=0.00
2026-01-06 15:57:06 [INFO] Stats refresh: classAvg=0.00
2026-01-06 15:57:09 [INFO] Stats refresh: classAvg=0.00
2026-01-06 15:57:12 [INFO] Stats refresh: classAvg=0.00
2026-01-06 15:57:15 [INFO] Stats refresh: classAvg=0.00
2026-01-06 15:57:18 [INFO] Stats refresh: classAvg=0.00
2026-01-06 15:57:21 [INFO] Stats refresh: classAvg=0.00
2026-01-06 15:57:24 [INFO] Stats refresh: classAvg=0.00
2026-01-06 15:57:27 [INFO] Stats refresh: classAvg=0.00
2026-01-06 15:57:30 [INFO] Stats refresh: classAvg=0.00
2026-01-06 15:57:33 [INFO] Stats refresh: classAvg=0.00
2026-01-06 15:57:36 [INFO] Stats refresh: classAvg=0.00
2026-01-06 15:57:39 [INFO] Stats refresh: classAvg=15.60
2026-01-06 15:57:42 [INFO] Stats refresh: classAvg=15.60
2026-01-06 15:57:45 [INFO] Stats refresh: classAvg=15.60
2026-01-06 15:57:48 [INFO] Stats refresh: classAvg=15.60
2026-01-06 15:57:51 [INFO] Stats refresh: classAvg=15.60
2026-01-06 15:57:53 [ERROR] Record Grade > range check: invalid grade value=445.0
   -> com.amalitech.exceptions.InvalidGradeException: Grade must be between 0 and 100. Provided: 445.0
2026-01-06 15:57:54 [INFO] Stats refresh: classAvg=15.60
2026-01-06 15:57:57 [INFO] Stats refresh: classAvg=15.60
2026-01-06 15:58:00 [INFO] Stats refresh: classAvg=15.60
2026-01-06 15:58:03 [INFO] Stats refresh: classAvg=12.30
2026-01-06 15:58:06 [INFO] Stats refresh: classAvg=12.30
2026-01-06 15:58:09 [INFO] Stats refresh: classAvg=12.30
2026-01-06 15:58:12 [INFO] Stats refresh: classAvg=12.30
2026-01-06 15:58:15 [INFO] Stats refresh: classAvg=12.30
2026-01-06 15:58:18 [INFO] Stats refresh: classAvg=12.30
2026-01-06 15:58:21 [INFO] Stats refresh: classAvg=12.30
2026-01-06 15:58:24 [INFO] Stats refresh: classAvg=12.30
2026-01-06 15:58:27 [INFO] Stats refresh: classAvg=12.30
2026-01-06 15:58:30 [INFO] Stats refresh: classAvg=12.30
2026-01-06 15:58:33 [INFO] Stats refresh: classAvg=12.30
2026-01-06 15:58:33 [INFO] Export report requested for STU001 format=2 type=2
2026-01-06 15:58:33 [INFO] Parallel export done: total=33ms csv=0ms json=3ms bin=0ms
2026-01-06 15:58:36 [INFO] Stats refresh: classAvg=12.30
2026-01-06 15:58:39 [INFO] Stats refresh: classAvg=12.30
2026-01-06 15:58:42 [INFO] Stats refresh: classAvg=12.30
2026-01-06 15:58:45 [INFO] Stats refresh: classAvg=12.30
2026-01-06 15:58:48 [INFO] Stats refresh: classAvg=12.30
2026-01-06 15:58:51 [INFO] Stats refresh: classAvg=12.30
2026-01-06 15:58:54 [INFO] Stats refresh: classAvg=12.30
2026-01-06 15:58:57 [INFO] Stats refresh: classAvg=12.30
2026-01-06 15:59:00 [INFO] Stats refresh: classAvg=12.30
2026-01-06 15:59:03 [INFO] Stats refresh: classAvg=12.30
2026-01-06 15:59:06 [INFO] Stats refresh: classAvg=12.30
2026-01-06 15:59:09 [INFO] Stats refresh: classAvg=12.30
2026-01-06 15:59:12 [INFO] Stats refresh: classAvg=12.30
2026-01-06 15:59:15 [INFO] Stats refresh: classAvg=12.30
2026-01-06 15:59:18 [INFO] Stats refresh: classAvg=12.30
2026-01-06 15:59:21 [INFO] Stats refresh: classAvg=12.30
2026-01-06 15:59:24 [INFO] Stats refresh: classAvg=12.30
2026-01-06 15:59:27 [INFO] Stats refresh: classAvg=12.30
2026-01-06 15:59:30 [INFO] Stats refresh: classAvg=12.30
2026-01-06 15:59:33 [INFO] Stats refresh: classAvg=12.30
2026-01-06 15:59:36 [INFO] Stats refresh: classAvg=12.30
2026-01-06 15:59:39 [INFO] Stats refresh: classAvg=12.30
2026-01-06 15:59:42 [INFO] Stats refresh: classAvg=12.30
2026-01-06 15:59:45 [INFO] Stats refresh: classAvg=12.30
2026-01-06 15:59:48 [INFO] Stats refresh: classAvg=12.30
2026-01-06 15:59:51 [INFO] Stats refresh: classAvg=12.30
2026-01-06 15:59:54 [INFO] Stats refresh: classAvg=12.30
2026-01-06 15:59:57 [INFO] Stats refresh: classAvg=12.30
2026-01-06 16:00:00 [INFO] Stats refresh: classAvg=12.30
2026-01-06 16:00:03 [INFO] Stats refresh: classAvg=12.30
2026-01-06 16:00:06 [INFO] Stats refresh: classAvg=12.30
2026-01-06 16:00:09 [INFO] Stats refresh: classAvg=12.30
2026-01-06 16:00:12 [INFO] Stats refresh: classAvg=12.30
2026-01-06 16:00:15 [INFO] Stats refresh: classAvg=12.30
2026-01-06 16:00:18 [INFO] Stats refresh: classAvg=12.30
2026-01-06 16:00:21 [INFO] Stats refresh: classAvg=12.30
2026-01-06 16:00:24 [INFO] Stats refresh: classAvg=12.30
2026-01-06 16:00:27 [INFO] Stats refresh: classAvg=12.30
2026-01-06 16:00:30 [INFO] Stats refresh: classAvg=12.30
2026-01-06 16:00:33 [INFO] Stats refresh: classAvg=12.30
2026-01-06 16:00:36 [INFO] Stats refresh: classAvg=12.30
2026-01-06 16:00:39 [INFO] Stats refresh: classAvg=12.30
2026-01-06 16:00:42 [INFO] Stats refresh: classAvg=12.30
2026-01-06 16:00:45 [INFO] Stats refresh: classAvg=12.30
2026-01-06 16:00:48 [INFO] Stats refresh: classAvg=12.30
2026-01-06 16:00:51 [INFO] Stats refresh: classAvg=12.30
2026-01-06 16:00:54 [INFO] Stats refresh: classAvg=12.30
2026-01-06 16:00:57 [INFO] Stats refresh: classAvg=12.30
2026-01-06 16:01:00 [INFO] Stats refresh: classAvg=12.30
2026-01-06 16:01:03 [INFO] Stats refresh: classAvg=12.30
2026-01-06 16:01:06 [INFO] Stats refresh: classAvg=12.30
2026-01-06 16:01:09 [INFO] Stats refresh: classAvg=12.30
2026-01-06 16:01:12 [INFO] Stats refresh: classAvg=12.30
2026-01-06 16:01:15 [INFO] Stats refresh: classAvg=12.30
2026-01-06 16:01:18 [INFO] Stats refresh: classAvg=12.30
2026-01-06 16:01:21 [INFO] Stats refresh: classAvg=12.30
2026-01-06 16:01:24 [INFO] Stats refresh: classAvg=12.30
2026-01-06 16:01:27 [INFO] Stats refresh: classAvg=12.30
2026-01-06 16:01:30 [INFO] Stats refresh: classAvg=12.30
2026-01-06 16:01:33 [INFO] Stats refresh: classAvg=12.30
2026-01-06 16:01:36 [INFO] Stats refresh: classAvg=12.30
2026-01-06 16:01:39 [INFO] Stats refresh: classAvg=12.30
2026-01-06 16:01:42 [INFO] Stats refresh: classAvg=12.30
2026-01-06 16:01:45 [INFO] Stats refresh: classAvg=12.30
2026-01-06 16:01:48 [INFO] Stats refresh: classAvg=12.30
2026-01-06 16:01:51 [INFO] Stats refresh: classAvg=12.30
2026-01-06 16:01:54 [INFO] Stats refresh: classAvg=12.30
2026-01-06 16:01:57 [INFO] Stats refresh: classAvg=12.30
2026-01-06 16:02:00 [INFO] Stats refresh: classAvg=12.30
2026-01-06 16:02:03 [INFO] Stats refresh: classAvg=12.30
2026-01-06 16:02:06 [INFO] Stats refresh: classAvg=12.30
2026-01-06 16:02:09 [INFO] Stats refresh: classAvg=12.30
2026-01-06 16:02:12 [INFO] Stats refresh: classAvg=12.30
2026-01-06 16:02:15 [INFO] Stats refresh: classAvg=12.30
2026-01-06 16:02:18 [INFO] Stats refresh: classAvg=12.30
2026-01-06 16:02:21 [INFO] Stats refresh: classAvg=12.30
2026-01-06 16:02:24 [INFO] Stats refresh: classAvg=12.30
2026-01-06 16:02:27 [INFO] Stats refresh: classAvg=12.30
2026-01-06 16:02:30 [INFO] Stats refresh: classAvg=12.30
2026-01-06 16:02:33 [INFO] Stats refresh: classAvg=12.30
2026-01-06 16:02:36 [INFO] Stats refresh: classAvg=12.30
2026-01-06 16:02:39 [INFO] Stats refresh: classAvg=12.30
2026-01-06 16:02:42 [INFO] Stats refresh: classAvg=12.30
2026-01-06 16:02:45 [INFO] Stats refresh: classAvg=12.30
2026-01-06 16:02:48 [INFO] Stats refresh: classAvg=12.30
2026-01-06 16:02:51 [INFO] Stats refresh: classAvg=12.30
2026-01-06 16:02:54 [INFO] Stats refresh: classAvg=12.30
2026-01-06 16:02:57 [INFO] Stats refresh: classAvg=12.30
2026-01-06 16:03:00 [INFO] Stats refresh: classAvg=12.30
2026-01-06 16:03:03 [INFO] Stats refresh: classAvg=12.30
2026-01-06 16:03:06 [INFO] Stats refresh: classAvg=12.30
2026-01-06 16:03:09 [INFO] Stats refresh: classAvg=12.30
2026-01-06 16:03:12 [INFO] Stats refresh: classAvg=12.30
2026-01-06 16:03:15 [INFO] Stats refresh: classAvg=12.30
2026-01-06 16:03:18 [INFO] Stats refresh: classAvg=12.30
2026-01-06 16:03:21 [INFO] Stats refresh: classAvg=12.30
2026-01-06 16:03:24 [INFO] Stats refresh: classAvg=12.30
2026-01-06 16:03:27 [INFO] Stats refresh: classAvg=12.30
2026-01-06 16:03:30 [INFO] Stats refresh: classAvg=12.30
2026-01-06 16:03:33 [INFO] Stats refresh: classAvg=12.30
2026-01-06 16:03:36 [INFO] Stats refresh: classAvg=12.30
2026-01-06 16:03:39 [INFO] Stats refresh: classAvg=12.30
2026-01-06 16:03:42 [INFO] Stats refresh: classAvg=12.30
2026-01-06 16:03:45 [INFO] Stats refresh: classAvg=12.30
2026-01-06 16:03:48 [INFO] Stats refresh: classAvg=12.30
2026-01-06 16:03:51 [INFO] Stats refresh: classAvg=12.30
2026-01-06 16:03:54 [INFO] Stats refresh: classAvg=12.30
2026-01-06 16:03:57 [INFO] Stats refresh: classAvg=12.30
2026-01-06 16:04:00 [INFO] Stats refresh: classAvg=12.30
2026-01-06 16:04:03 [INFO] Stats refresh: classAvg=12.30
2026-01-06 16:04:06 [INFO] Stats refresh: classAvg=12.30
2026-01-06 16:04:09 [INFO] Stats refresh: classAvg=12.30
2026-01-06 16:04:12 [INFO] Stats refresh: classAvg=12.30
2026-01-06 16:04:15 [INFO] Stats refresh: classAvg=12.30
2026-01-06 16:04:18 [INFO] Stats refresh: classAvg=12.30
2026-01-06 16:04:21 [INFO] Stats refresh: classAvg=12.30
2026-01-06 16:04:24 [INFO] Stats refresh: classAvg=12.30
2026-01-06 16:04:27 [INFO] Stats refresh: classAvg=12.30
2026-01-06 16:04:30 [INFO] Stats refresh: classAvg=12.30
2026-01-06 16:04:33 [INFO] Stats refresh: classAvg=12.30
2026-01-06 16:04:36 [INFO] Stats refresh: classAvg=12.30
2026-01-06 16:04:39 [INFO] Stats refresh: classAvg=12.30
2026-01-06 16:04:42 [INFO] Stats refresh: classAvg=12.30
2026-01-06 16:04:45 [INFO] Stats refresh: classAvg=12.30
2026-01-06 16:04:48 [INFO] Stats refresh: classAvg=12.30
2026-01-06 16:04:51 [INFO] Stats refresh: classAvg=12.30
2026-01-06 16:04:54 [INFO] Stats refresh: classAvg=12.30
2026-01-06 16:04:57 [INFO] Stats refresh: classAvg=12.30
2026-01-06 16:05:00 [INFO] Stats refresh: classAvg=12.30
2026-01-06 16:05:03 [INFO] Stats refresh: classAvg=12.30
2026-01-06 16:05:06 [INFO] Stats refresh: classAvg=12.30
2026-01-06 16:05:09 [INFO] Stats refresh: classAvg=12.30
2026-01-06 16:05:12 [INFO] Stats refresh: classAvg=12.30
2026-01-06 16:05:15 [INFO] Stats refresh: classAvg=12.30
2026-01-06 16:05:18 [INFO] Stats refresh: classAvg=12.30
2026-01-06 16:05:21 [INFO] Stats refresh: classAvg=12.30
2026-01-06 16:05:24 [INFO] Stats refresh: classAvg=12.30
2026-01-06 16:05:27 [INFO] Stats refresh: classAvg=12.30
2026-01-06 16:05:30 [INFO] Stats refresh: classAvg=12.30
2026-01-06 16:05:33 [INFO] Stats refresh: classAvg=12.30
2026-01-06 16:05:36 [INFO] Stats refresh: classAvg=12.30
2026-01-06 16:05:39 [INFO] Stats refresh: classAvg=12.30
2026-01-06 16:05:42 [INFO] Stats refresh: classAvg=12.30
2026-01-06 16:05:45 [INFO] Stats refresh: classAvg=12.30
2026-01-06 16:05:48 [INFO] Stats refresh: classAvg=12.30
2026-01-06 16:05:51 [INFO] Stats refresh: classAvg=12.30
2026-01-06 16:05:54 [INFO] Stats refresh: classAvg=12.30
2026-01-06 16:05:57 [INFO] Stats refresh: classAvg=12.30
2026-01-06 16:06:00 [INFO] Stats refresh: classAvg=12.30
2026-01-06 16:06:03 [INFO] Stats refresh: classAvg=12.30
2026-01-06 16:06:06 [INFO] Stats refresh: classAvg=12.30
2026-01-06 16:06:09 [INFO] Stats refresh: classAvg=12.30
2026-01-06 16:06:12 [INFO] Stats refresh: classAvg=12.30
2026-01-06 16:06:15 [INFO] Stats refresh: classAvg=12.30
2026-01-06 16:06:18 [INFO] Stats refresh: classAvg=12.30
2026-01-06 16:06:21 [INFO] Stats refresh: classAvg=12.30
2026-01-06 16:06:24 [INFO] Stats refresh: classAvg=12.30
2026-01-06 16:06:27 [INFO] Stats refresh: classAvg=12.30
2026-01-06 16:06:30 [INFO] Stats refresh: classAvg=12.30
2026-01-06 16:06:33 [INFO] Stats refresh: classAvg=12.30
2026-01-06 16:06:36 [INFO] Stats refresh: classAvg=12.30
2026-01-06 16:06:39 [INFO] Stats refresh: classAvg=12.30
2026-01-06 16:06:42 [INFO] Stats refresh: classAvg=12.30
2026-01-06 16:06:56 [INFO] Stats refresh: classAvg=12.30
2026-01-06 16:06:57 [INFO] Stats refresh: classAvg=12.30
2026-01-06 16:06:58 [INFO] Stats refresh: classAvg=12.30
2026-01-06 16:06:59 [INFO] Stats refresh: classAvg=12.30
2026-01-06 16:07:00 [INFO] Stats refresh: classAvg=12.30
2026-01-06 16:07:01 [INFO] Stats refresh: classAvg=12.30
2026-01-06 16:07:03 [INFO] Stats refresh: classAvg=12.30
2026-01-06 16:07:06 [INFO] Stats refresh: classAvg=12.30
2026-01-06 16:07:09 [INFO] Stats refresh: classAvg=12.30
2026-01-06 16:07:12 [INFO] Stats refresh: classAvg=12.30
2026-01-06 16:07:15 [INFO] Stats refresh: classAvg=12.30
2026-01-06 16:07:18 [INFO] Stats refresh: classAvg=12.30
2026-01-06 16:07:21 [INFO] Stats refresh: classAvg=12.30
2026-01-06 16:07:24 [INFO] Stats refresh: classAvg=12.30
2026-01-06 16:07:27 [INFO] Stats refresh: classAvg=12.30
2026-01-06 16:07:30 [INFO] Stats refresh: classAvg=12.30
2026-01-06 16:07:33 [INFO] Stats refresh: classAvg=12.30
2026-01-06 16:07:36 [INFO] Stats refresh: classAvg=12.30
2026-01-06 16:07:39 [INFO] Stats refresh: classAvg=12.30
2026-01-06 16:07:42 [INFO] Stats refresh: classAvg=12.30
2026-01-06 16:07:45 [INFO] Stats refresh: classAvg=12.30
2026-01-06 16:07:48 [INFO] Stats refresh: classAvg=12.30
2026-01-06 16:07:51 [INFO] Stats refresh: classAvg=12.30
2026-01-06 16:07:54 [INFO] Stats refresh: classAvg=12.30
2026-01-06 16:07:57 [INFO] Stats refresh: classAvg=12.30
2026-01-06 16:08:00 [INFO] Stats refresh: classAvg=12.30
2026-01-06 16:08:03 [INFO] Stats refresh: classAvg=12.30
2026-01-06 16:08:06 [INFO] Stats refresh: classAvg=12.30
2026-01-06 16:08:09 [INFO] Stats refresh: classAvg=12.30
2026-01-06 16:08:12 [INFO] Stats refresh: classAvg=12.30
2026-01-06 16:08:15 [INFO] Stats refresh: classAvg=12.30
2026-01-06 16:08:18 [INFO] Stats refresh: classAvg=12.30
2026-01-06 16:08:21 [INFO] Stats refresh: classAvg=12.30
2026-01-06 16:08:24 [INFO] Stats refresh: classAvg=12.30
2026-01-06 16:08:27 [INFO] Stats refresh: classAvg=12.30
2026-01-06 16:08:30 [INFO] Stats refresh: classAvg=12.30
2026-01-06 16:08:33 [INFO] Stats refresh: classAvg=12.30
2026-01-06 16:08:36 [INFO] Stats refresh: classAvg=12.30
2026-01-06 16:08:39 [INFO] Stats refresh: classAvg=12.30
2026-01-06 16:08:42 [INFO] Stats refresh: classAvg=12.30
2026-01-06 16:08:45 [INFO] Stats refresh: classAvg=12.30
2026-01-06 16:08:48 [INFO] Stats refresh: classAvg=12.30
2026-01-06 16:08:51 [INFO] Stats refresh: classAvg=12.30
2026-01-06 16:08:54 [INFO] Stats refresh: classAvg=12.30
2026-01-06 16:08:57 [INFO] Stats refresh: classAvg=12.30
2026-01-06 16:09:00 [INFO] Stats refresh: classAvg=12.30
2026-01-06 16:09:03 [INFO] Stats refresh: classAvg=12.30
2026-01-06 16:09:06 [INFO] Stats refresh: classAvg=12.30
2026-01-06 16:09:09 [INFO] Stats refresh: classAvg=12.30
2026-01-06 16:09:12 [INFO] Stats refresh: classAvg=12.30
2026-01-06 16:09:15 [INFO] Stats refresh: classAvg=12.30
2026-01-06 16:09:18 [INFO] Stats refresh: classAvg=12.30
2026-01-06 16:09:21 [INFO] Stats refresh: classAvg=12.30
2026-01-06 16:09:24 [INFO] Stats refresh: classAvg=12.30
2026-01-06 16:09:27 [INFO] Stats refresh: classAvg=12.30
2026-01-06 16:09:30 [INFO] Stats refresh: classAvg=12.30
2026-01-06 16:09:33 [INFO] Stats refresh: classAvg=12.30
2026-01-06 16:09:36 [INFO] Stats refresh: classAvg=12.30
2026-01-06 16:09:39 [INFO] Stats refresh: classAvg=12.30
2026-01-06 16:09:42 [INFO] Stats refresh: classAvg=12.30
2026-01-06 16:09:45 [INFO] Stats refresh: classAvg=12.30
2026-01-06 16:09:48 [INFO] Stats refresh: classAvg=12.30
2026-01-06 16:09:51 [INFO] Stats refresh: classAvg=12.30
2026-01-06 16:09:54 [INFO] Stats refresh: classAvg=12.30
2026-01-06 16:09:57 [INFO] Stats refresh: classAvg=12.30
2026-01-06 16:10:00 [INFO] Stats refresh: classAvg=12.30
2026-01-06 16:10:03 [INFO] Stats refresh: classAvg=12.30
2026-01-06 16:10:06 [INFO] Stats refresh: classAvg=12.30
2026-01-06 16:10:09 [INFO] Stats refresh: classAvg=12.30
2026-01-06 16:10:12 [INFO] Stats refresh: classAvg=12.30
2026-01-06 16:10:15 [INFO] Stats refresh: classAvg=12.30
2026-01-06 16:10:18 [INFO] Stats refresh: classAvg=12.30
2026-01-06 16:10:21 [INFO] Stats refresh: classAvg=12.30
2026-01-06 16:10:24 [INFO] Stats refresh: classAvg=12.30
2026-01-06 16:10:27 [INFO] Stats refresh: classAvg=12.30
2026-01-06 16:10:30 [INFO] Stats refresh: classAvg=12.30
2026-01-06 16:10:33 [INFO] Stats refresh: classAvg=12.30
2026-01-06 16:10:36 [INFO] Stats refresh: classAvg=12.30
2026-01-06 16:10:39 [INFO] Stats refresh: classAvg=12.30
2026-01-06 16:10:42 [INFO] Stats refresh: classAvg=12.30
2026-01-06 16:10:45 [INFO] Stats refresh: classAvg=12.30
2026-01-06 16:10:48 [INFO] Stats refresh: classAvg=12.30
2026-01-06 16:10:51 [INFO] Stats refresh: classAvg=12.30
2026-01-06 16:10:54 [INFO] Stats refresh: classAvg=12.30
2026-01-06 16:10:57 [INFO] Stats refresh: classAvg=12.30
2026-01-06 16:11:00 [INFO] Stats refresh: classAvg=12.30
2026-01-06 16:11:03 [INFO] Stats refresh: classAvg=12.30
2026-01-06 16:11:06 [INFO] Stats refresh: classAvg=12.30
2026-01-06 16:11:09 [INFO] Stats refresh: classAvg=12.30
2026-01-06 16:11:12 [INFO] Stats refresh: classAvg=12.30
2026-01-06 16:11:15 [INFO] Stats refresh: classAvg=12.30
2026-01-06 16:11:18 [INFO] Stats refresh: classAvg=12.30
2026-01-06 16:11:21 [INFO] Stats refresh: classAvg=12.30
2026-01-06 16:11:24 [INFO] Stats refresh: classAvg=12.30
2026-01-06 16:11:27 [INFO] Stats refresh: classAvg=12.30
2026-01-06 16:11:30 [INFO] Stats refresh: classAvg=12.30
2026-01-06 16:11:33 [INFO] Stats refresh: classAvg=12.30
2026-01-06 16:11:36 [INFO] Stats refresh: classAvg=12.30
2026-01-06 16:11:39 [INFO] Stats refresh: classAvg=12.30
2026-01-06 16:11:42 [INFO] Stats refresh: classAvg=12.30
2026-01-06 16:11:45 [INFO] Stats refresh: classAvg=12.30
2026-01-06 16:11:48 [INFO] Stats refresh: classAvg=12.30
2026-01-06 16:11:51 [INFO] Stats refresh: classAvg=12.30
2026-01-06 16:11:54 [INFO] Stats refresh: classAvg=12.30
2026-01-06 16:11:57 [INFO] Stats refresh: classAvg=12.30
2026-01-06 16:12:00 [INFO] Stats refresh: classAvg=12.30
2026-01-06 16:12:03 [INFO] Stats refresh: classAvg=12.30
2026-01-06 16:12:06 [INFO] Stats refresh: classAvg=12.30
2026-01-06 16:12:09 [INFO] Stats refresh: classAvg=12.30
2026-01-06 16:12:12 [INFO] Stats refresh: classAvg=12.30
2026-01-06 16:12:15 [INFO] Stats refresh: classAvg=12.30
2026-01-06 16:12:18 [INFO] Stats refresh: classAvg=12.30
2026-01-06 16:12:21 [INFO] Stats refresh: classAvg=12.30
2026-01-06 16:12:24 [INFO] Stats refresh: classAvg=12.30
2026-01-06 16:12:27 [INFO] Stats refresh: classAvg=12.30
2026-01-06 16:12:30 [INFO] Stats refresh: classAvg=12.30
2026-01-06 16:12:33 [INFO] Stats refresh: classAvg=12.30
2026-01-06 16:12:36 [INFO] Stats refresh: classAvg=12.30
2026-01-06 16:12:39 [INFO] Stats refresh: classAvg=12.30
2026-01-06 16:12:42 [INFO] Stats refresh: classAvg=12.30
2026-01-06 16:12:45 [INFO] Stats refresh: classAvg=12.30
2026-01-06 16:12:48 [INFO] Stats refresh: classAvg=12.30
2026-01-06 16:12:51 [INFO] Stats refresh: classAvg=12.30
2026-01-06 16:12:54 [INFO] Stats refresh: classAvg=12.30
2026-01-06 16:12:57 [INFO] Stats refresh: classAvg=12.30
2026-01-06 16:13:00 [INFO] Stats refresh: classAvg=12.30
2026-01-06 16:13:03 [INFO] Stats refresh: classAvg=12.30
2026-01-06 16:13:06 [INFO] Stats refresh: classAvg=12.30
2026-01-06 16:13:09 [INFO] Stats refresh: classAvg=12.30
2026-01-06 16:13:12 [INFO] Stats refresh: classAvg=12.30
2026-01-06 16:13:15 [INFO] Stats refresh: classAvg=12.30
2026-01-06 16:13:18 [INFO] Stats refresh: classAvg=12.30
2026-01-06 16:13:21 [INFO] Stats refresh: classAvg=12.30
2026-01-06 16:13:24 [INFO] Stats refresh: classAvg=12.30
2026-01-06 16:13:27 [INFO] Stats refresh: classAvg=12.30
2026-01-06 16:13:30 [INFO] Stats refresh: classAvg=12.30
2026-01-06 16:13:33 [INFO] Stats refresh: classAvg=12.30
2026-01-06 16:13:36 [INFO] Stats refresh: classAvg=12.30
2026-01-06 16:13:39 [INFO] Stats refresh: classAvg=12.30
2026-01-06 16:13:42 [INFO] Stats refresh: classAvg=12.30
2026-01-06 16:13:45 [INFO] Stats refresh: classAvg=12.30
2026-01-06 16:13:48 [INFO] Stats refresh: classAvg=12.30
2026-01-06 16:13:51 [INFO] Stats refresh: classAvg=12.30
2026-01-06 16:13:54 [INFO] Stats refresh: classAvg=12.30
2026-01-06 16:13:57 [INFO] Stats refresh: classAvg=12.30
2026-01-06 16:14:00 [INFO] Stats refresh: classAvg=12.30
2026-01-06 16:14:03 [INFO] Stats refresh: classAvg=12.30
2026-01-06 16:14:06 [INFO] Stats refresh: classAvg=12.30
2026-01-06 16:14:09 [INFO] Stats refresh: classAvg=12.30
2026-01-06 16:14:12 [INFO] Stats refresh: classAvg=12.30
2026-01-06 16:14:15 [INFO] Stats refresh: classAvg=12.30
2026-01-06 16:14:18 [INFO] Stats refresh: classAvg=12.30
2026-01-06 16:14:21 [INFO] Stats refresh: classAvg=12.30
2026-01-06 16:14:24 [INFO] Stats refresh: classAvg=12.30
2026-01-06 16:14:27 [INFO] Stats refresh: classAvg=12.30
2026-01-06 16:14:30 [INFO] Stats refresh: classAvg=12.30
2026-01-06 16:14:33 [INFO] Stats refresh: classAvg=12.30
2026-01-06 16:14:36 [INFO] Stats refresh: classAvg=12.30
2026-01-06 16:14:39 [INFO] Stats refresh: classAvg=12.30
2026-01-06 16:14:42 [INFO] Stats refresh: classAvg=12.30
2026-01-06 16:14:45 [INFO] Stats refresh: classAvg=12.30
2026-01-06 16:14:48 [INFO] Stats refresh: classAvg=12.30
2026-01-06 16:14:51 [INFO] Stats refresh: classAvg=12.30
2026-01-06 16:14:54 [INFO] Stats refresh: classAvg=12.30
2026-01-06 16:14:57 [INFO] Stats refresh: classAvg=12.30
2026-01-06 16:15:00 [INFO] Stats refresh: classAvg=12.30
2026-01-06 16:15:03 [INFO] Stats refresh: classAvg=12.30
2026-01-06 16:15:06 [INFO] Stats refresh: classAvg=12.30
2026-01-06 16:15:09 [INFO] Stats refresh: classAvg=12.30
2026-01-06 16:15:12 [INFO] Stats refresh: classAvg=12.30
2026-01-06 16:15:15 [INFO] Stats refresh: classAvg=12.30
2026-01-06 16:15:18 [INFO] Stats refresh: classAvg=12.30
2026-01-06 16:15:21 [INFO] Stats refresh: classAvg=12.30
2026-01-06 16:15:24 [INFO] Stats refresh: classAvg=12.30
2026-01-06 16:15:27 [INFO] Stats refresh: classAvg=12.30
2026-01-06 16:15:30 [INFO] Stats refresh: classAvg=12.30
2026-01-06 16:15:33 [INFO] Stats refresh: classAvg=12.30
2026-01-06 16:15:36 [INFO] Stats refresh: classAvg=12.30
2026-01-06 16:15:39 [INFO] Stats refresh: classAvg=12.30
2026-01-06 16:15:42 [INFO] Stats refresh: classAvg=12.30
2026-01-06 16:15:45 [INFO] Stats refresh: classAvg=12.30
2026-01-06 16:15:48 [INFO] Stats refresh: classAvg=12.30
2026-01-06 16:15:51 [INFO] Stats refresh: classAvg=12.30
2026-01-06 16:15:54 [INFO] Stats refresh: classAvg=12.30
2026-01-06 16:15:57 [INFO] Stats refresh: classAvg=12.30
2026-01-06 16:16:00 [INFO] Stats refresh: classAvg=12.30
2026-01-06 16:16:03 [INFO] Stats refresh: classAvg=12.30
2026-01-06 16:16:06 [INFO] Stats refresh: classAvg=12.30
2026-01-06 16:16:09 [INFO] Stats refresh: classAvg=12.30
2026-01-06 16:16:12 [INFO] Stats refresh: classAvg=12.30
2026-01-06 16:16:15 [INFO] Stats refresh: classAvg=12.30
2026-01-06 16:16:18 [INFO] Stats refresh: classAvg=12.30
2026-01-06 16:16:21 [INFO] Stats refresh: classAvg=12.30
2026-01-06 16:16:24 [INFO] Stats refresh: classAvg=12.30
2026-01-06 16:16:27 [INFO] Stats refresh: classAvg=12.30
2026-01-06 16:16:30 [INFO] Stats refresh: classAvg=12.30
2026-01-06 16:16:33 [INFO] Stats refresh: classAvg=12.30
2026-01-06 16:16:36 [INFO] Stats refresh: classAvg=12.30
2026-01-06 16:16:39 [INFO] Stats refresh: classAvg=12.30
2026-01-06 16:16:42 [INFO] Stats refresh: classAvg=12.30
2026-01-06 16:16:45 [INFO] Stats refresh: classAvg=12.30
2026-01-06 16:16:48 [INFO] Stats refresh: classAvg=12.30
2026-01-06 16:16:51 [INFO] Stats refresh: classAvg=12.30
2026-01-06 16:16:54 [INFO] Stats refresh: classAvg=12.30
2026-01-06 16:16:57 [INFO] Stats refresh: classAvg=12.30
2026-01-06 16:17:00 [INFO] Stats refresh: classAvg=12.30
2026-01-06 16:17:03 [INFO] Stats refresh: classAvg=12.30
2026-01-06 16:17:06 [INFO] Stats refresh: classAvg=12.30
2026-01-06 16:17:09 [INFO] Stats refresh: classAvg=12.30
2026-01-06 16:17:12 [INFO] Stats refresh: classAvg=12.30
2026-01-06 16:17:15 [INFO] Stats refresh: classAvg=12.30
2026-01-06 16:17:18 [INFO] Stats refresh: classAvg=12.30
2026-01-06 16:17:21 [INFO] Stats refresh: classAvg=12.30
2026-01-06 16:17:24 [INFO] Stats refresh: classAvg=12.30
2026-01-06 16:17:27 [INFO] Stats refresh: classAvg=12.30
2026-01-06 16:17:30 [INFO] Stats refresh: classAvg=12.30
2026-01-06 16:17:33 [INFO] Stats refresh: classAvg=12.30
2026-01-06 16:17:36 [INFO] Stats refresh: classAvg=12.30
2026-01-06 16:17:39 [INFO] Stats refresh: classAvg=12.30
2026-01-06 16:17:42 [INFO] Stats refresh: classAvg=12.30
2026-01-06 16:17:45 [INFO] Stats refresh: classAvg=12.30
2026-01-06 16:17:48 [INFO] Stats refresh: classAvg=12.30
2026-01-06 16:17:51 [INFO] Stats refresh: classAvg=12.30
2026-01-06 16:17:54 [INFO] Stats refresh: classAvg=12.30
2026-01-06 16:17:57 [INFO] Stats refresh: classAvg=12.30
2026-01-06 16:18:00 [INFO] Stats refresh: classAvg=12.30
2026-01-06 16:18:03 [INFO] Stats refresh: classAvg=12.30
2026-01-06 16:18:06 [INFO] Stats refresh: classAvg=12.30
2026-01-06 16:18:09 [INFO] Stats refresh: classAvg=12.30
2026-01-06 16:18:12 [INFO] Stats refresh: classAvg=12.30
2026-01-06 16:18:15 [INFO] Stats refresh: classAvg=12.30
2026-01-06 16:18:18 [INFO] Stats refresh: classAvg=12.30
2026-01-06 16:18:21 [INFO] Stats refresh: classAvg=12.30
2026-01-06 16:18:24 [INFO] Stats refresh: classAvg=12.30
2026-01-06 16:18:27 [INFO] Stats refresh: classAvg=12.30
2026-01-06 16:18:30 [INFO] Stats refresh: classAvg=12.30
2026-01-06 16:18:33 [INFO] Stats refresh: classAvg=12.30
2026-01-06 16:18:36 [INFO] Stats refresh: classAvg=12.30
2026-01-06 16:18:39 [INFO] Stats refresh: classAvg=12.30
2026-01-06 16:18:42 [INFO] Stats refresh: classAvg=12.30
2026-01-06 16:18:45 [INFO] Stats refresh: classAvg=12.30
2026-01-06 16:18:48 [INFO] Stats refresh: classAvg=12.30
2026-01-06 16:18:51 [INFO] Stats refresh: classAvg=12.30
2026-01-06 16:18:54 [INFO] Stats refresh: classAvg=12.30
2026-01-06 16:18:57 [INFO] Stats refresh: classAvg=12.30
2026-01-06 16:19:00 [INFO] Stats refresh: classAvg=12.30
2026-01-06 16:19:03 [INFO] Stats refresh: classAvg=12.30
2026-01-06 16:19:06 [INFO] Stats refresh: classAvg=12.30
2026-01-06 16:19:09 [INFO] Stats refresh: classAvg=12.30
2026-01-06 16:19:12 [INFO] Stats refresh: classAvg=12.30
2026-01-06 16:19:15 [INFO] Stats refresh: classAvg=12.30
2026-01-06 16:19:18 [INFO] Stats refresh: classAvg=12.30
2026-01-06 16:19:21 [INFO] Stats refresh: classAvg=12.30
2026-01-06 16:19:24 [INFO] Stats refresh: classAvg=12.30
2026-01-06 16:19:27 [INFO] Stats refresh: classAvg=12.30
2026-01-06 16:19:30 [INFO] Stats refresh: classAvg=12.30
2026-01-06 16:19:33 [INFO] Stats refresh: classAvg=12.30
2026-01-06 16:19:36 [INFO] Stats refresh: classAvg=12.30
2026-01-06 16:19:39 [INFO] Stats refresh: classAvg=12.30
2026-01-06 16:19:42 [INFO] Stats refresh: classAvg=12.30
2026-01-06 16:19:45 [INFO] Stats refresh: classAvg=12.30
2026-01-06 16:19:48 [INFO] Stats refresh: classAvg=12.30
2026-01-06 16:19:51 [INFO] Stats refresh: classAvg=12.30
2026-01-06 16:19:54 [INFO] Stats refresh: classAvg=12.30
2026-01-06 16:19:57 [INFO] Stats refresh: classAvg=12.30
2026-01-06 16:20:00 [INFO] Stats refresh: classAvg=12.30
2026-01-06 16:20:03 [INFO] Stats refresh: classAvg=12.30
2026-01-06 16:20:06 [INFO] Stats refresh: classAvg=12.30
2026-01-06 16:20:09 [INFO] Stats refresh: classAvg=12.30
2026-01-06 16:20:12 [INFO] Stats refresh: classAvg=12.30
2026-01-06 16:20:15 [INFO] Stats refresh: classAvg=12.30
2026-01-06 16:20:18 [INFO] Stats refresh: classAvg=12.30
2026-01-06 16:20:21 [INFO] Stats refresh: classAvg=12.30
2026-01-06 16:20:24 [INFO] Stats refresh: classAvg=12.30
2026-01-06 16:20:27 [INFO] Stats refresh: classAvg=12.30
2026-01-06 16:20:30 [INFO] Stats refresh: classAvg=12.30
2026-01-06 16:20:33 [INFO] Stats refresh: classAvg=12.30
2026-01-06 16:20:36 [INFO] Stats refresh: classAvg=12.30
2026-01-06 16:20:39 [INFO] Stats refresh: classAvg=12.30
2026-01-06 16:20:42 [INFO] Stats refresh: classAvg=12.30
2026-01-06 16:20:45 [INFO] Stats refresh: classAvg=12.30
2026-01-06 16:20:48 [INFO] Stats refresh: classAvg=12.30
2026-01-06 16:20:51 [INFO] Stats refresh: classAvg=12.30
2026-01-06 16:20:54 [INFO] Stats refresh: classAvg=12.30
2026-01-06 16:20:57 [INFO] Stats refresh: classAvg=12.30
2026-01-06 16:21:00 [INFO] Stats refresh: classAvg=12.30
2026-01-06 16:21:03 [INFO] Stats refresh: classAvg=12.30
2026-01-06 16:21:06 [INFO] Stats refresh: classAvg=12.30
2026-01-06 16:21:09 [INFO] Stats refresh: classAvg=12.30
2026-01-06 16:21:12 [INFO] Stats refresh: classAvg=12.30
2026-01-06 16:21:15 [INFO] Stats refresh: classAvg=12.30
2026-01-06 16:21:18 [INFO] Stats refresh: classAvg=12.30
2026-01-06 16:21:21 [INFO] Stats refresh: classAvg=12.30
2026-01-06 16:21:24 [INFO] Stats refresh: classAvg=12.30
2026-01-06 16:21:27 [INFO] Stats refresh: classAvg=12.30
2026-01-06 16:21:30 [INFO] Stats refresh: classAvg=12.30
2026-01-06 16:21:33 [INFO] Stats refresh: classAvg=12.30
2026-01-06 16:21:36 [INFO] Stats refresh: classAvg=12.30
2026-01-06 16:21:39 [INFO] Stats refresh: classAvg=12.30
2026-01-06 16:21:42 [INFO] Stats refresh: classAvg=12.30
2026-01-06 16:21:45 [INFO] Stats refresh: classAvg=12.30
2026-01-06 16:21:48 [INFO] Stats refresh: classAvg=12.30
2026-01-06 16:21:51 [INFO] Stats refresh: classAvg=12.30
2026-01-06 16:21:54 [INFO] Stats refresh: classAvg=12.30
2026-01-06 16:21:57 [INFO] Stats refresh: classAvg=12.30
2026-01-06 16:22:00 [INFO] Stats refresh: classAvg=12.30
2026-01-06 16:22:03 [INFO] Stats refresh: classAvg=12.30
2026-01-06 16:22:06 [INFO] Stats refresh: classAvg=12.30
2026-01-06 16:22:09 [INFO] Stats refresh: classAvg=12.30
2026-01-06 16:22:12 [INFO] Stats refresh: classAvg=12.30
2026-01-06 16:22:15 [INFO] Stats refresh: classAvg=12.30
2026-01-06 16:22:18 [INFO] Stats refresh: classAvg=12.30
2026-01-06 16:22:21 [INFO] Stats refresh: classAvg=12.30
2026-01-06 16:22:24 [INFO] Stats refresh: classAvg=12.30
2026-01-06 16:22:27 [INFO] Stats refresh: classAvg=12.30
2026-01-06 16:22:30 [INFO] Stats refresh: classAvg=12.30
2026-01-06 16:22:33 [INFO] Stats refresh: classAvg=12.30
2026-01-06 16:22:36 [INFO] Stats refresh: classAvg=12.30
2026-01-06 16:22:39 [INFO] Stats refresh: classAvg=12.30
2026-01-06 16:22:42 [INFO] Stats refresh: classAvg=12.30
2026-01-06 16:22:45 [INFO] Stats refresh: classAvg=12.30
2026-01-06 16:22:48 [INFO] Stats refresh: classAvg=12.30
2026-01-06 16:22:51 [INFO] Stats refresh: classAvg=12.30
2026-01-06 16:22:54 [INFO] Stats refresh: classAvg=12.30
2026-01-06 16:22:57 [INFO] Stats refresh: classAvg=12.30
2026-01-06 16:23:00 [INFO] Stats refresh: classAvg=12.30
2026-01-06 16:23:03 [INFO] Stats refresh: classAvg=12.30
2026-01-06 16:23:06 [INFO] Stats refresh: classAvg=12.30
2026-01-06 16:23:09 [INFO] Stats refresh: classAvg=12.30
2026-01-06 16:23:12 [INFO] Stats refresh: classAvg=12.30
2026-01-06 16:23:15 [INFO] Stats refresh: classAvg=12.30
2026-01-06 16:23:18 [INFO] Stats refresh: classAvg=12.30
2026-01-06 16:23:21 [INFO] Stats refresh: classAvg=12.30
2026-01-06 16:23:24 [INFO] Stats refresh: classAvg=12.30
2026-01-06 16:23:27 [INFO] Stats refresh: classAvg=12.30
2026-01-06 16:23:30 [INFO] Stats refresh: classAvg=12.30
2026-01-06 16:23:33 [INFO] Stats refresh: classAvg=12.30
2026-01-06 16:23:36 [INFO] Stats refresh: classAvg=12.30
2026-01-06 16:23:39 [INFO] Stats refresh: classAvg=12.30
2026-01-06 16:23:42 [INFO] Stats refresh: classAvg=12.30
2026-01-06 16:23:45 [INFO] Stats refresh: classAvg=12.30
2026-01-06 16:23:48 [INFO] Stats refresh: classAvg=12.30
2026-01-06 16:23:51 [INFO] Stats refresh: classAvg=12.30
2026-01-06 16:23:54 [INFO] Stats refresh: classAvg=12.30
2026-01-06 16:23:57 [INFO] Stats refresh: classAvg=12.30
2026-01-06 16:24:00 [INFO] Stats refresh: classAvg=12.30
2026-01-06 16:24:03 [INFO] Stats refresh: classAvg=12.30
2026-01-06 16:24:06 [INFO] Stats refresh: classAvg=12.30
2026-01-06 16:24:09 [INFO] Stats refresh: classAvg=12.30
2026-01-06 16:24:12 [INFO] Stats refresh: classAvg=12.30
2026-01-06 16:24:15 [INFO] Stats refresh: classAvg=12.30
2026-01-06 16:24:18 [INFO] Stats refresh: classAvg=12.30
2026-01-06 16:24:21 [INFO] Stats refresh: classAvg=12.30
2026-01-06 16:24:24 [INFO] Stats refresh: classAvg=12.30
2026-01-06 16:24:27 [INFO] Stats refresh: classAvg=12.30
2026-01-06 16:24:30 [INFO] Stats refresh: classAvg=12.30
2026-01-06 16:24:33 [INFO] Stats refresh: classAvg=12.30
2026-01-06 16:24:36 [INFO] Stats refresh: classAvg=12.30
2026-01-06 16:24:39 [INFO] Stats refresh: classAvg=12.30
2026-01-06 16:24:42 [INFO] Stats refresh: classAvg=12.30
2026-01-06 16:24:45 [INFO] Stats refresh: classAvg=12.30
2026-01-06 16:24:48 [INFO] Stats refresh: classAvg=12.30
2026-01-06 16:24:51 [INFO] Stats refresh: classAvg=12.30
2026-01-06 16:24:54 [INFO] Stats refresh: classAvg=12.30
2026-01-06 16:24:57 [INFO] Stats refresh: classAvg=12.30
2026-01-06 16:25:00 [INFO] Stats refresh: classAvg=12.30
2026-01-06 16:25:03 [INFO] Stats refresh: classAvg=12.30
2026-01-06 16:25:06 [INFO] Stats refresh: classAvg=12.30
2026-01-06 16:25:09 [INFO] Stats refresh: classAvg=12.30
2026-01-06 16:25:12 [INFO] Stats refresh: classAvg=12.30
2026-01-06 16:25:15 [INFO] Stats refresh: classAvg=12.30
2026-01-06 16:25:18 [INFO] Stats refresh: classAvg=12.30
2026-01-06 16:25:21 [INFO] Stats refresh: classAvg=12.30
2026-01-06 16:25:24 [INFO] Stats refresh: classAvg=12.30
2026-01-06 16:25:27 [INFO] Stats refresh: classAvg=12.30
2026-01-06 16:25:30 [INFO] Stats refresh: classAvg=12.30
2026-01-06 16:25:33 [INFO] Stats refresh: classAvg=12.30
2026-01-06 16:25:36 [INFO] Stats refresh: classAvg=12.30
2026-01-06 16:25:39 [INFO] Stats refresh: classAvg=12.30
2026-01-06 16:25:42 [INFO] Stats refresh: classAvg=12.30
2026-01-06 16:25:45 [INFO] Stats refresh: classAvg=12.30
2026-01-06 16:25:48 [INFO] Stats refresh: classAvg=12.30
2026-01-06 16:25:51 [INFO] Stats refresh: classAvg=12.30
2026-01-06 16:25:54 [INFO] Stats refresh: classAvg=12.30
2026-01-06 16:25:57 [INFO] Stats refresh: classAvg=12.30
2026-01-06 16:26:00 [INFO] Stats refresh: classAvg=12.30
2026-01-06 16:26:03 [INFO] Stats refresh: classAvg=12.30
2026-01-06 16:26:06 [INFO] Stats refresh: classAvg=12.30
2026-01-06 16:26:09 [INFO] Stats refresh: classAvg=12.30
2026-01-06 16:26:12 [INFO] Stats refresh: classAvg=12.30
2026-01-06 16:26:15 [INFO] Stats refresh: classAvg=12.30
2026-01-06 16:26:18 [INFO] Stats refresh: classAvg=12.30
2026-01-06 16:26:21 [INFO] Stats refresh: classAvg=12.30
2026-01-06 16:26:24 [INFO] Stats refresh: classAvg=12.30
2026-01-06 16:26:27 [INFO] Stats refresh: classAvg=12.30
2026-01-06 16:26:30 [INFO] Stats refresh: classAvg=12.30
2026-01-06 16:26:33 [INFO] Stats refresh: classAvg=12.30
2026-01-06 16:26:36 [INFO] Stats refresh: classAvg=12.30
2026-01-06 16:26:39 [INFO] Stats refresh: classAvg=12.30
2026-01-06 16:26:42 [INFO] Stats refresh: classAvg=12.30
2026-01-06 16:26:45 [INFO] Stats refresh: classAvg=12.30
2026-01-06 16:26:48 [INFO] Stats refresh: classAvg=12.30
2026-01-06 16:26:51 [INFO] Stats refresh: classAvg=12.30
2026-01-06 16:26:54 [INFO] Stats refresh: classAvg=12.30
2026-01-06 16:26:57 [INFO] Stats refresh: classAvg=12.30
2026-01-06 16:27:00 [INFO] Stats refresh: classAvg=12.30
2026-01-06 16:27:03 [INFO] Stats refresh: classAvg=12.30
2026-01-06 16:27:06 [INFO] Stats refresh: classAvg=12.30
2026-01-06 16:27:09 [INFO] Stats refresh: classAvg=12.30
2026-01-06 16:27:12 [INFO] Stats refresh: classAvg=12.30
2026-01-06 16:27:15 [INFO] Stats refresh: classAvg=12.30
2026-01-06 16:27:18 [INFO] Stats refresh: classAvg=12.30
2026-01-06 16:27:21 [INFO] Stats refresh: classAvg=12.30
2026-01-06 16:27:24 [INFO] Stats refresh: classAvg=12.30
2026-01-06 16:27:27 [INFO] Stats refresh: classAvg=12.30
2026-01-06 16:27:30 [INFO] Stats refresh: classAvg=12.30
2026-01-06 16:27:33 [INFO] Stats refresh: classAvg=12.30
2026-01-06 16:27:36 [INFO] Stats refresh: classAvg=12.30
2026-01-06 16:27:39 [INFO] Stats refresh: classAvg=12.30
2026-01-06 16:27:42 [INFO] Stats refresh: classAvg=12.30
2026-01-06 16:27:45 [INFO] Stats refresh: classAvg=12.30
2026-01-06 16:27:48 [INFO] Stats refresh: classAvg=12.30
2026-01-06 16:27:51 [INFO] Stats refresh: classAvg=12.30
2026-01-06 16:27:54 [INFO] Stats refresh: classAvg=12.30
2026-01-06 16:27:57 [INFO] Stats refresh: classAvg=12.30
2026-01-06 16:28:00 [INFO] Stats refresh: classAvg=12.30
2026-01-06 16:28:03 [INFO] Stats refresh: classAvg=12.30
2026-01-06 16:28:06 [INFO] Stats refresh: classAvg=12.30
2026-01-06 16:28:09 [INFO] Stats refresh: classAvg=12.30
2026-01-06 16:28:12 [INFO] Stats refresh: classAvg=12.30
2026-01-06 16:28:15 [INFO] Stats refresh: classAvg=12.30
2026-01-06 16:28:18 [INFO] Stats refresh: classAvg=12.30
2026-01-06 16:28:21 [INFO] Stats refresh: classAvg=12.30
2026-01-06 16:28:24 [INFO] Stats refresh: classAvg=12.30
2026-01-06 16:28:27 [INFO] Stats refresh: classAvg=12.30
2026-01-06 16:28:30 [INFO] Stats refresh: classAvg=12.30
2026-01-06 16:28:33 [INFO] Stats refresh: classAvg=12.30
2026-01-06 16:28:36 [INFO] Stats refresh: classAvg=12.30
2026-01-06 16:28:39 [INFO] Stats refresh: classAvg=12.30
2026-01-06 16:28:42 [INFO] Stats refresh: classAvg=12.30
2026-01-06 16:28:45 [INFO] Stats refresh: classAvg=12.30
2026-01-06 16:28:48 [INFO] Stats refresh: classAvg=12.30
2026-01-06 16:28:51 [INFO] Stats refresh: classAvg=12.30
2026-01-06 16:28:54 [INFO] Stats refresh: classAvg=12.30
2026-01-06 16:28:57 [INFO] Stats refresh: classAvg=12.30
2026-01-06 16:29:00 [INFO] Stats refresh: classAvg=12.30
2026-01-06 16:29:03 [INFO] Stats refresh: classAvg=12.30
2026-01-06 16:29:06 [INFO] Stats refresh: classAvg=12.30
2026-01-06 16:29:09 [INFO] Stats refresh: classAvg=12.30
2026-01-06 16:29:12 [INFO] Stats refresh: classAvg=12.30
2026-01-06 16:29:15 [INFO] Stats refresh: classAvg=12.30
2026-01-06 16:29:18 [INFO] Stats refresh: classAvg=12.30
2026-01-06 16:29:21 [INFO] Stats refresh: classAvg=12.30
2026-01-06 16:29:24 [INFO] Stats refresh: classAvg=12.30
2026-01-06 16:29:27 [INFO] Stats refresh: classAvg=12.30
2026-01-06 16:29:30 [INFO] Stats refresh: classAvg=12.30
2026-01-06 16:29:33 [INFO] Stats refresh: classAvg=12.30
2026-01-06 16:29:36 [INFO] Stats refresh: classAvg=12.30
2026-01-06 16:29:39 [INFO] Stats refresh: classAvg=12.30
2026-01-06 16:29:42 [INFO] Stats refresh: classAvg=12.30
2026-01-06 16:29:45 [INFO] Stats refresh: classAvg=12.30
2026-01-06 16:29:48 [INFO] Stats refresh: classAvg=12.30
2026-01-06 16:29:51 [INFO] Stats refresh: classAvg=12.30
2026-01-06 16:29:54 [INFO] Stats refresh: classAvg=12.30
2026-01-06 16:29:57 [INFO] Stats refresh: classAvg=12.30
2026-01-06 16:30:00 [INFO] Stats refresh: classAvg=12.30
2026-01-06 16:30:03 [INFO] Stats refresh: classAvg=12.30
2026-01-06 16:30:06 [INFO] Stats refresh: classAvg=12.30
2026-01-06 16:30:09 [INFO] Stats refresh: classAvg=12.30
2026-01-06 16:30:12 [INFO] Stats refresh: classAvg=12.30
2026-01-06 16:30:15 [INFO] Stats refresh: classAvg=12.30
2026-01-06 16:30:18 [INFO] Stats refresh: classAvg=12.30
2026-01-06 16:30:21 [INFO] Stats refresh: classAvg=12.30
2026-01-06 16:30:24 [INFO] Stats refresh: classAvg=12.30
2026-01-06 16:30:27 [INFO] Stats refresh: classAvg=12.30
2026-01-06 16:30:30 [INFO] Stats refresh: classAvg=12.30
2026-01-06 16:30:33 [INFO] Stats refresh: classAvg=12.30
2026-01-06 16:30:36 [INFO] Stats refresh: classAvg=12.30
2026-01-06 16:30:39 [INFO] Stats refresh: classAvg=12.30
2026-01-06 16:30:42 [INFO] Stats refresh: classAvg=12.30
2026-01-06 16:30:45 [INFO] Stats refresh: classAvg=12.30
2026-01-06 16:30:48 [INFO] Stats refresh: classAvg=12.30
2026-01-06 16:30:51 [INFO] Stats refresh: classAvg=12.30
2026-01-06 16:30:54 [INFO] Stats refresh: classAvg=12.30
2026-01-06 16:30:57 [INFO] Stats refresh: classAvg=12.30
2026-01-06 16:31:00 [INFO] Stats refresh: classAvg=12.30
2026-01-06 16:31:03 [INFO] Stats refresh: classAvg=12.30
2026-01-06 16:31:06 [INFO] Stats refresh: classAvg=12.30
2026-01-06 16:31:09 [INFO] Stats refresh: classAvg=12.30
2026-01-06 16:31:12 [INFO] Stats refresh: classAvg=12.30
2026-01-06 16:31:15 [INFO] Stats refresh: classAvg=12.30
2026-01-06 16:31:18 [INFO] Stats refresh: classAvg=12.30
2026-01-06 16:31:21 [INFO] Stats refresh: classAvg=12.30
2026-01-06 16:31:24 [INFO] Stats refresh: classAvg=12.30
2026-01-06 16:31:27 [INFO] Stats refresh: classAvg=12.30
2026-01-06 16:31:30 [INFO] Stats refresh: classAvg=12.30
2026-01-06 16:31:33 [INFO] Stats refresh: classAvg=12.30
2026-01-06 16:31:36 [INFO] Stats refresh: classAvg=12.30
2026-01-06 16:31:39 [INFO] Stats refresh: classAvg=12.30
2026-01-06 16:31:42 [INFO] Stats refresh: classAvg=12.30
2026-01-06 16:31:45 [INFO] Stats refresh: classAvg=12.30
2026-01-06 16:31:48 [INFO] Stats refresh: classAvg=12.30
2026-01-06 16:31:51 [INFO] Stats refresh: classAvg=12.30
2026-01-06 16:31:54 [INFO] Stats refresh: classAvg=12.30
2026-01-06 16:31:57 [INFO] Stats refresh: classAvg=12.30
2026-01-06 16:32:00 [INFO] Stats refresh: classAvg=12.30
2026-01-06 16:32:03 [INFO] Stats refresh: classAvg=12.30
2026-01-06 16:32:06 [INFO] Stats refresh: classAvg=12.30
2026-01-06 16:32:09 [INFO] Stats refresh: classAvg=12.30
2026-01-06 16:32:12 [INFO] Stats refresh: classAvg=12.30
2026-01-06 16:32:15 [INFO] Stats refresh: classAvg=12.30
2026-01-06 16:32:18 [INFO] Stats refresh: classAvg=12.30
2026-01-06 16:32:21 [INFO] Stats refresh: classAvg=12.30
2026-01-06 16:32:24 [INFO] Stats refresh: classAvg=12.30
2026-01-06 16:32:27 [INFO] Stats refresh: classAvg=12.30
2026-01-06 16:32:30 [INFO] Stats refresh: classAvg=12.30
2026-01-06 16:32:33 [INFO] Stats refresh: classAvg=12.30
2026-01-06 16:32:36 [INFO] Stats refresh: classAvg=12.30
2026-01-06 16:32:39 [INFO] Stats refresh: classAvg=12.30
2026-01-06 16:32:42 [INFO] Stats refresh: classAvg=12.30
2026-01-06 16:32:45 [INFO] Stats refresh: classAvg=12.30
2026-01-06 16:32:48 [INFO] Stats refresh: classAvg=12.30
2026-01-06 16:32:51 [INFO] Stats refresh: classAvg=12.30
2026-01-06 16:32:54 [INFO] Stats refresh: classAvg=12.30
2026-01-06 16:32:57 [INFO] Stats refresh: classAvg=12.30
2026-01-06 16:33:00 [INFO] Stats refresh: classAvg=12.30
2026-01-06 16:33:03 [INFO] Stats refresh: classAvg=12.30
2026-01-06 16:33:06 [INFO] Stats refresh: classAvg=12.30
2026-01-06 16:33:09 [INFO] Stats refresh: classAvg=12.30
2026-01-06 16:33:16 [INFO] Stats refresh: classAvg=12.30
2026-01-06 16:33:17 [INFO] Stats refresh: classAvg=12.30
2026-01-06 16:33:18 [INFO] Stats refresh: classAvg=12.30
2026-01-06 18:15:01 [INFO] Stats refresh: classAvg=12.30
2026-01-06 18:15:02 [INFO] Stats refresh: classAvg=12.30
2026-01-06 18:15:04 [INFO] Stats refresh: classAvg=12.30
2026-01-06 18:15:05 [INFO] Stats refresh: classAvg=12.30
2026-01-06 18:21:12 [INFO] Stats refresh: classAvg=12.30
2026-01-06 18:21:13 [INFO] Stats refresh: classAvg=12.30
2026-01-06 18:21:15 [INFO] Stats refresh: classAvg=12.30
2026-01-06 18:21:16 [INFO] Stats refresh: classAvg=12.30
2026-01-06 18:21:17 [INFO] Stats refresh: classAvg=12.30
2026-01-06 18:21:18 [INFO] Stats refresh: classAvg=12.30
2026-01-06 18:21:19 [INFO] Stats refresh: classAvg=12.30
2026-01-06 18:21:20 [INFO] Stats refresh: classAvg=12.30
2026-01-06 18:21:21 [INFO] Stats refresh: classAvg=12.30
2026-01-06 18:21:22 [INFO] Stats refresh: classAvg=12.30
2026-01-06 18:21:23 [INFO] Stats refresh: classAvg=12.30
2026-01-06 18:21:24 [INFO] Stats refresh: classAvg=12.30
2026-01-06 18:21:25 [INFO] Stats refresh: classAvg=12.30
2026-01-06 18:21:26 [INFO] Stats refresh: classAvg=12.30
2026-01-06 18:21:27 [INFO] Stats refresh: classAvg=12.30
2026-01-06 18:21:28 [INFO] Stats refresh: classAvg=12.30
2026-01-06 18:21:29 [INFO] Stats refresh: classAvg=12.30
2026-01-06 18:21:31 [INFO] Stats refresh: classAvg=12.30
2026-01-06 18:21:32 [INFO] Stats refresh: classAvg=12.30
2026-01-06 18:21:33 [INFO] Stats refresh: classAvg=12.30
2026-01-06 18:21:34 [INFO] Stats refresh: classAvg=12.30
2026-01-06 18:21:35 [INFO] Stats refresh: classAvg=12.30
2026-01-06 18:21:36 [INFO] Stats refresh: classAvg=12.30
2026-01-06 18:21:37 [INFO] Stats refresh: classAvg=12.30
2026-01-06 18:21:38 [INFO] Stats refresh: classAvg=12.30
2026-01-06 18:21:39 [INFO] Stats refresh: classAvg=12.30
2026-01-06 18:21:40 [INFO] Stats refresh: classAvg=12.30
2026-01-06 18:21:41 [INFO] Stats refresh: classAvg=12.30
2026-01-06 18:21:42 [INFO] Stats refresh: classAvg=12.30
2026-01-06 18:21:43 [INFO] Stats refresh: classAvg=12.30
2026-01-06 18:21:44 [INFO] Stats refresh: classAvg=12.30
2026-01-06 18:21:45 [INFO] Stats refresh: classAvg=12.30
2026-01-06 18:21:46 [INFO] Stats refresh: classAvg=12.30
2026-01-06 18:21:47 [INFO] Stats refresh: classAvg=12.30
2026-01-06 18:21:48 [INFO] Stats refresh: classAvg=12.30
2026-01-06 18:21:49 [INFO] Stats refresh: classAvg=12.30
2026-01-06 18:21:50 [INFO] Stats refresh: classAvg=12.30
2026-01-06 18:21:51 [INFO] Stats refresh: classAvg=12.30
2026-01-06 18:21:52 [INFO] Stats refresh: classAvg=12.30
2026-01-06 18:21:53 [INFO] Stats refresh: classAvg=12.30
2026-01-06 18:21:55 [INFO] Stats refresh: classAvg=12.30
2026-01-06 18:21:56 [INFO] Stats refresh: classAvg=12.30
2026-01-06 18:21:57 [INFO] Stats refresh: classAvg=12.30
2026-01-06 18:21:58 [INFO] Stats refresh: classAvg=12.30
2026-01-06 18:21:59 [INFO] Stats refresh: classAvg=12.30
2026-01-06 18:22:00 [INFO] Stats refresh: classAvg=12.30
2026-01-06 18:22:01 [INFO] Stats refresh: classAvg=12.30
2026-01-06 18:22:02 [INFO] Stats refresh: classAvg=12.30
2026-01-06 18:22:03 [INFO] Stats refresh: classAvg=12.30
2026-01-06 18:22:04 [INFO] Stats refresh: classAvg=12.30
2026-01-06 18:22:05 [INFO] Stats refresh: classAvg=12.30
2026-01-06 18:22:06 [INFO] Stats refresh: classAvg=12.30
2026-01-06 18:22:07 [INFO] Stats refresh: classAvg=12.30
2026-01-06 18:22:08 [INFO] Stats refresh: classAvg=12.30
2026-01-06 18:22:09 [INFO] Stats refresh: classAvg=12.30
2026-01-06 18:22:10 [INFO] Stats refresh: classAvg=12.30
2026-01-06 18:22:11 [INFO] Stats refresh: classAvg=12.30
2026-01-06 18:22:12 [INFO] Stats refresh: classAvg=12.30
2026-01-06 18:22:13 [INFO] Stats refresh: classAvg=12.30
2026-01-06 18:22:14 [INFO] Stats refresh: classAvg=12.30
2026-01-06 18:22:15 [INFO] Stats refresh: classAvg=12.30
2026-01-06 18:22:16 [INFO] Stats refresh: classAvg=12.30
2026-01-06 18:22:17 [INFO] Stats refresh: classAvg=12.30
2026-01-06 18:22:19 [INFO] Stats refresh: classAvg=12.30
2026-01-06 18:22:20 [INFO] Stats refresh: classAvg=12.30
2026-01-06 18:22:21 [INFO] Stats refresh: classAvg=12.30
2026-01-06 18:22:22 [INFO] Stats refresh: classAvg=12.30
2026-01-06 18:22:23 [INFO] Stats refresh: classAvg=12.30
2026-01-06 18:22:24 [INFO] Stats refresh: classAvg=12.30
2026-01-06 18:22:25 [INFO] Stats refresh: classAvg=12.30
2026-01-06 18:22:26 [INFO] Stats refresh: classAvg=12.30
2026-01-06 18:22:27 [INFO] Stats refresh: classAvg=12.30
2026-01-06 18:22:28 [INFO] Stats refresh: classAvg=12.30
2026-01-06 18:22:29 [INFO] Stats refresh: classAvg=12.30
2026-01-06 18:22:30 [INFO] Stats refresh: classAvg=12.30
2026-01-06 18:22:31 [INFO] Stats refresh: classAvg=12.30
2026-01-06 18:22:32 [INFO] Stats refresh: classAvg=12.30
2026-01-06 18:22:33 [INFO] Stats refresh: classAvg=12.30
2026-01-06 18:22:34 [INFO] Stats refresh: classAvg=12.30
2026-01-06 18:22:35 [INFO] Stats refresh: classAvg=12.30
2026-01-06 18:22:36 [INFO] Stats refresh: classAvg=12.30
2026-01-06 18:22:37 [INFO] Stats refresh: classAvg=12.30
2026-01-06 18:22:38 [INFO] Stats refresh: classAvg=12.30
2026-01-06 18:22:39 [INFO] Stats refresh: classAvg=12.30
2026-01-06 18:22:40 [INFO] Stats refresh: classAvg=12.30
2026-01-06 18:22:41 [INFO] Stats refresh: classAvg=12.30
2026-01-06 18:22:42 [INFO] Stats refresh: classAvg=12.30
2026-01-06 18:22:44 [INFO] Stats refresh: classAvg=12.30
2026-01-06 18:22:45 [INFO] Stats refresh: classAvg=12.30
2026-01-06 18:22:46 [INFO] Stats refresh: classAvg=12.30
2026-01-06 18:22:47 [INFO] Stats refresh: classAvg=12.30
2026-01-06 18:22:48 [INFO] Stats refresh: classAvg=12.30
2026-01-06 18:22:49 [INFO] Stats refresh: classAvg=12.30
2026-01-06 18:22:50 [INFO] Stats refresh: classAvg=12.30
2026-01-06 18:22:51 [INFO] Stats refresh: classAvg=12.30
2026-01-06 18:22:52 [INFO] Stats refresh: classAvg=12.30
2026-01-06 18:22:53 [INFO] Stats refresh: classAvg=12.30
2026-01-06 18:22:54 [INFO] Stats refresh: classAvg=12.30
2026-01-06 18:22:55 [INFO] Stats refresh: classAvg=12.30
2026-01-06 18:22:56 [INFO] Stats refresh: classAvg=12.30
2026-01-06 18:22:57 [INFO] Stats refresh: classAvg=12.30
2026-01-06 18:22:58 [INFO] Stats refresh: classAvg=12.30
2026-01-06 18:22:59 [INFO] Stats refresh: classAvg=12.30
2026-01-06 18:23:00 [INFO] Stats refresh: classAvg=12.30
2026-01-06 18:23:01 [INFO] Stats refresh: classAvg=12.30
2026-01-06 18:23:02 [INFO] Stats refresh: classAvg=12.30
2026-01-06 18:23:03 [INFO] Stats refresh: classAvg=12.30
2026-01-06 18:23:04 [INFO] Stats refresh: classAvg=12.30
2026-01-06 18:23:06 [INFO] Stats refresh: classAvg=12.30
2026-01-06 18:23:07 [INFO] Stats refresh: classAvg=12.30
2026-01-06 18:23:08 [INFO] Stats refresh: classAvg=12.30
2026-01-06 18:23:09 [INFO] Stats refresh: classAvg=12.30
2026-01-06 18:23:10 [INFO] Stats refresh: classAvg=12.30
2026-01-06 18:23:11 [INFO] Stats refresh: classAvg=12.30
2026-01-06 18:23:12 [INFO] Stats refresh: classAvg=12.30
2026-01-06 18:23:13 [INFO] Stats refresh: classAvg=12.30
2026-01-06 18:23:14 [INFO] Stats refresh: classAvg=12.30
2026-01-06 18:23:15 [INFO] Stats refresh: classAvg=12.30
2026-01-06 18:23:16 [INFO] Stats refresh: classAvg=12.30
2026-01-06 18:23:17 [INFO] Stats refresh: classAvg=12.30
2026-01-06 18:23:18 [INFO] Stats refresh: classAvg=12.30
2026-01-06 18:23:20 [INFO] Stats refresh: classAvg=12.30
2026-01-06 18:23:21 [INFO] Stats refresh: classAvg=12.30
2026-01-06 18:23:22 [INFO] Stats refresh: classAvg=12.30
2026-01-06 18:23:23 [INFO] Stats refresh: classAvg=12.30
2026-01-06 18:23:24 [INFO] Stats refresh: classAvg=12.30
2026-01-06 18:23:25 [INFO] Stats refresh: classAvg=12.30
2026-01-06 18:23:26 [INFO] Stats refresh: classAvg=12.30
2026-01-06 18:23:27 [INFO] Stats refresh: classAvg=12.30
2026-01-06 18:23:28 [INFO] Stats refresh: classAvg=12.30
2026-01-06 18:23:29 [INFO] Stats refresh: classAvg=12.30
2026-01-06 18:23:30 [INFO] Stats refresh: classAvg=12.30
2026-01-06 18:23:31 [INFO] Stats refresh: classAvg=12.30
2026-01-06 18:23:32 [INFO] Stats refresh: classAvg=12.30
2026-01-06 18:23:33 [INFO] Stats refresh: classAvg=12.30
2026-01-06 18:23:34 [INFO] Stats refresh: classAvg=12.30
2026-01-06 18:23:35 [INFO] Stats refresh: classAvg=12.30
2026-01-06 18:23:36 [INFO] Stats refresh: classAvg=12.30
2026-01-06 18:23:37 [INFO] Stats refresh: classAvg=12.30
2026-01-06 18:23:38 [INFO] Stats refresh: classAvg=12.30
2026-01-06 18:23:39 [INFO] Stats refresh: classAvg=12.30
2026-01-06 18:23:40 [INFO] Stats refresh: classAvg=12.30
2026-01-06 18:23:41 [INFO] Stats refresh: classAvg=12.30
2026-01-06 18:23:42 [INFO] Stats refresh: classAvg=12.30
2026-01-06 18:23:43 [INFO] Stats refresh: classAvg=12.30
2026-01-06 18:23:44 [INFO] Stats refresh: classAvg=12.30
2026-01-06 18:23:46 [INFO] Stats refresh: classAvg=12.30
2026-01-06 18:23:47 [INFO] Stats refresh: classAvg=12.30
2026-01-06 18:23:48 [INFO] Stats refresh: classAvg=12.30
2026-01-06 18:23:49 [INFO] Stats refresh: classAvg=12.30
2026-01-06 18:23:50 [INFO] Stats refresh: classAvg=12.30
2026-01-06 18:23:51 [INFO] Stats refresh: classAvg=12.30
2026-01-06 18:23:52 [INFO] Stats refresh: classAvg=12.30
2026-01-06 18:23:53 [INFO] Stats refresh: classAvg=12.30
2026-01-06 18:23:54 [INFO] Stats refresh: classAvg=12.30
2026-01-06 18:23:55 [INFO] Stats refresh: classAvg=12.30
2026-01-06 18:23:56 [INFO] Stats refresh: classAvg=12.30
2026-01-06 18:23:57 [INFO] Stats refresh: classAvg=12.30
2026-01-06 18:23:58 [INFO] Stats refresh: classAvg=12.30
2026-01-06 18:23:59 [INFO] Stats refresh: classAvg=12.30
2026-01-06 18:24:00 [INFO] Stats refresh: classAvg=12.30
2026-01-06 18:24:01 [INFO] Stats refresh: classAvg=12.30
2026-01-06 18:24:02 [INFO] Stats refresh: classAvg=12.30
2026-01-06 18:24:03 [INFO] Stats refresh: classAvg=12.30
2026-01-06 18:24:04 [INFO] Stats refresh: classAvg=12.30
2026-01-06 18:24:05 [INFO] Stats refresh: classAvg=12.30
2026-01-06 18:24:06 [INFO] Stats refresh: classAvg=12.30
2026-01-06 18:24:07 [INFO] Stats refresh: classAvg=12.30
2026-01-06 18:24:08 [INFO] Stats refresh: classAvg=12.30
2026-01-06 18:24:09 [INFO] Stats refresh: classAvg=12.30
2026-01-06 18:24:10 [INFO] Stats refresh: classAvg=12.30
2026-01-06 18:24:11 [INFO] Stats refresh: classAvg=12.30
2026-01-06 18:24:12 [INFO] Stats refresh: classAvg=12.30
2026-01-06 18:24:13 [INFO] Stats refresh: classAvg=12.30
2026-01-06 18:24:14 [INFO] Stats refresh: classAvg=12.30
2026-01-06 18:24:15 [INFO] Stats refresh: classAvg=12.30
2026-01-06 18:24:16 [INFO] Stats refresh: classAvg=12.30
2026-01-06 18:24:17 [INFO] Stats refresh: classAvg=12.30
2026-01-06 18:24:18 [INFO] Stats refresh: classAvg=12.30
2026-01-06 18:24:19 [INFO] Stats refresh: classAvg=12.30
2026-01-06 18:24:20 [INFO] Stats refresh: classAvg=12.30
2026-01-06 18:24:22 [INFO] Stats refresh: classAvg=12.30
2026-01-06 18:24:23 [INFO] Stats refresh: classAvg=12.30
2026-01-06 18:24:24 [INFO] Stats refresh: classAvg=12.30
2026-01-06 18:24:25 [INFO] Stats refresh: classAvg=12.30
2026-01-06 18:24:26 [INFO] Stats refresh: classAvg=12.30
2026-01-06 18:24:27 [INFO] Stats refresh: classAvg=12.30
2026-01-06 18:24:28 [INFO] Stats refresh: classAvg=12.30
2026-01-06 18:24:29 [INFO] Stats refresh: classAvg=12.30
2026-01-06 18:24:30 [INFO] Stats refresh: classAvg=12.30
2026-01-06 18:24:31 [INFO] Stats refresh: classAvg=12.30
2026-01-06 18:24:32 [INFO] Stats refresh: classAvg=12.30
2026-01-06 18:24:33 [INFO] Stats refresh: classAvg=12.30
2026-01-06 18:24:34 [INFO] Stats refresh: classAvg=12.30
2026-01-06 18:24:35 [INFO] Stats refresh: classAvg=12.30
2026-01-06 18:24:36 [INFO] Stats refresh: classAvg=12.30
2026-01-06 18:24:37 [INFO] Stats refresh: classAvg=12.30
2026-01-06 18:24:38 [INFO] Stats refresh: classAvg=12.30
2026-01-06 18:24:39 [INFO] Stats refresh: classAvg=12.30
2026-01-06 18:24:40 [INFO] Stats refresh: classAvg=12.30
2026-01-06 18:24:41 [INFO] Stats refresh: classAvg=12.30
2026-01-06 18:24:42 [INFO] Stats refresh: classAvg=12.30
2026-01-06 18:24:43 [INFO] Stats refresh: classAvg=12.30
2026-01-06 18:24:44 [INFO] Stats refresh: classAvg=12.30
2026-01-06 18:24:45 [INFO] Stats refresh: classAvg=12.30
2026-01-06 18:24:46 [INFO] Stats refresh: classAvg=12.30
2026-01-06 18:24:47 [INFO] Stats refresh: classAvg=12.30
2026-01-06 18:24:48 [INFO] Stats refresh: classAvg=12.30
2026-01-06 18:24:49 [INFO] Stats refresh: classAvg=12.30
2026-01-06 18:24:50 [INFO] Stats refresh: classAvg=12.30
2026-01-06 18:24:51 [INFO] Stats refresh: classAvg=12.30
2026-01-06 18:24:52 [INFO] Stats refresh: classAvg=12.30
2026-01-06 18:24:53 [INFO] Stats refresh: classAvg=12.30
2026-01-06 18:24:54 [INFO] Stats refresh: classAvg=12.30
2026-01-06 18:24:55 [INFO] Stats refresh: classAvg=12.30
2026-01-06 18:24:56 [INFO] Stats refresh: classAvg=12.30
2026-01-06 18:24:57 [INFO] Stats refresh: classAvg=12.30
2026-01-06 18:24:58 [INFO] Stats refresh: classAvg=12.30
2026-01-06 18:24:59 [INFO] Stats refresh: classAvg=12.30
2026-01-06 18:25:00 [INFO] Stats refresh: classAvg=12.30
2026-01-06 18:25:01 [INFO] Stats refresh: classAvg=12.30
2026-01-06 18:25:02 [INFO] Stats refresh: classAvg=12.30
2026-01-06 18:25:03 [INFO] Stats refresh: classAvg=12.30
2026-01-06 18:25:04 [INFO] Stats refresh: classAvg=12.30
2026-01-06 18:25:05 [INFO] Stats refresh: classAvg=12.30
2026-01-06 18:25:06 [INFO] Stats refresh: classAvg=12.30
2026-01-06 18:25:07 [INFO] Stats refresh: classAvg=12.30
2026-01-06 18:25:08 [INFO] Stats refresh: classAvg=12.30
2026-01-06 18:25:09 [INFO] Stats refresh: classAvg=12.30
2026-01-06 18:25:10 [INFO] Stats refresh: classAvg=12.30
2026-01-06 18:25:12 [INFO] Stats refresh: classAvg=12.30
2026-01-06 18:25:13 [INFO] Stats refresh: classAvg=12.30
2026-01-06 18:25:14 [INFO] Stats refresh: classAvg=12.30
2026-01-06 18:25:15 [INFO] Stats refresh: classAvg=12.30
2026-01-06 18:25:16 [INFO] Stats refresh: classAvg=12.30
2026-01-06 18:25:17 [INFO] Stats refresh: classAvg=12.30
2026-01-06 18:25:18 [INFO] Stats refresh: classAvg=12.30
2026-01-06 18:25:19 [INFO] Stats refresh: classAvg=12.30
2026-01-06 18:25:20 [INFO] Stats refresh: classAvg=12.30
2026-01-06 18:25:21 [INFO] Stats refresh: classAvg=12.30
2026-01-06 18:25:22 [INFO] Stats refresh: classAvg=12.30
2026-01-06 18:25:23 [INFO] Stats refresh: classAvg=12.30
2026-01-06 18:25:24 [INFO] Stats refresh: classAvg=12.30
2026-01-06 18:25:25 [INFO] Stats refresh: classAvg=12.30
2026-01-06 18:25:26 [INFO] Stats refresh: classAvg=12.30
2026-01-06 18:25:27 [INFO] Stats refresh: classAvg=12.30
2026-01-06 18:25:28 [INFO] Stats refresh: classAvg=12.30
2026-01-06 18:25:29 [INFO] Stats refresh: classAvg=12.30
2026-01-06 18:25:30 [INFO] Stats refresh: classAvg=12.30
2026-01-06 18:25:31 [INFO] Stats refresh: classAvg=12.30
2026-01-06 18:25:32 [INFO] Stats refresh: classAvg=12.30
2026-01-06 18:25:33 [INFO] Stats refresh: classAvg=12.30
2026-01-06 18:25:34 [INFO] Stats refresh: classAvg=12.30
2026-01-06 18:25:35 [INFO] Stats refresh: classAvg=12.30
2026-01-06 18:25:36 [INFO] Stats refresh: classAvg=12.30
2026-01-06 18:25:37 [INFO] Stats refresh: classAvg=12.30
2026-01-06 18:25:38 [INFO] Stats refresh: classAvg=12.30
2026-01-06 18:25:39 [INFO] Stats refresh: classAvg=12.30
2026-01-06 18:25:40 [INFO] Stats refresh: classAvg=12.30
2026-01-06 18:25:41 [INFO] Stats refresh: classAvg=12.30
2026-01-06 18:25:42 [INFO] Stats refresh: classAvg=12.30
2026-01-06 18:25:43 [INFO] Stats refresh: classAvg=12.30
2026-01-06 18:25:44 [INFO] Stats refresh: classAvg=12.30
2026-01-06 18:25:45 [INFO] Stats refresh: classAvg=12.30
2026-01-06 18:25:46 [INFO] Stats refresh: classAvg=12.30
2026-01-06 18:25:47 [INFO] Stats refresh: classAvg=12.30
2026-01-06 18:25:48 [INFO] Stats refresh: classAvg=12.30
2026-01-06 18:25:49 [INFO] Stats refresh: classAvg=12.30
2026-01-06 18:25:50 [INFO] Stats refresh: classAvg=12.30
2026-01-06 18:25:51 [INFO] Stats refresh: classAvg=12.30
2026-01-06 18:25:52 [INFO] Stats refresh: classAvg=12.30
2026-01-06 18:25:53 [INFO] Stats refresh: classAvg=12.30
2026-01-06 18:25:54 [INFO] Stats refresh: classAvg=12.30
2026-01-06 18:25:55 [INFO] Stats refresh: classAvg=12.30
2026-01-06 18:25:56 [INFO] Stats refresh: classAvg=12.30
2026-01-06 18:25:57 [INFO] Stats refresh: classAvg=12.30
2026-01-06 18:25:58 [INFO] Stats refresh: classAvg=12.30
2026-01-06 18:26:00 [INFO] Stats refresh: classAvg=12.30
2026-01-06 18:26:01 [INFO] Stats refresh: classAvg=12.30
2026-01-06 18:26:02 [INFO] Stats refresh: classAvg=12.30
2026-01-06 18:26:03 [INFO] Stats refresh: classAvg=12.30
2026-01-06 18:26:04 [INFO] Stats refresh: classAvg=12.30
2026-01-06 18:26:05 [INFO] Stats refresh: classAvg=12.30
2026-01-06 18:26:06 [INFO] Stats refresh: classAvg=12.30
2026-01-06 18:26:07 [INFO] Stats refresh: classAvg=12.30
2026-01-06 18:26:08 [INFO] Stats refresh: classAvg=12.30
2026-01-06 18:26:09 [INFO] Stats refresh: classAvg=12.30
2026-01-06 18:26:10 [INFO] Stats refresh: classAvg=12.30
2026-01-06 18:26:11 [INFO] Stats refresh: classAvg=12.30
2026-01-06 18:26:12 [INFO] Stats refresh: classAvg=12.30
2026-01-06 18:26:13 [INFO] Stats refresh: classAvg=12.30
2026-01-06 18:26:14 [INFO] Stats refresh: classAvg=12.30
2026-01-06 18:26:15 [INFO] Stats refresh: classAvg=12.30
2026-01-06 18:26:16 [INFO] Stats refresh: classAvg=12.30
2026-01-06 18:26:17 [INFO] Stats refresh: classAvg=12.30
2026-01-06 18:26:18 [INFO] Stats refresh: classAvg=12.30
2026-01-06 18:26:19 [INFO] Stats refresh: classAvg=12.30
2026-01-06 18:26:20 [INFO] Stats refresh: classAvg=12.30
2026-01-06 18:26:21 [INFO] Stats refresh: classAvg=12.30
2026-01-06 18:26:22 [INFO] Stats refresh: classAvg=12.30
2026-01-06 18:26:23 [INFO] Stats refresh: classAvg=12.30
2026-01-06 18:26:24 [INFO] Stats refresh: classAvg=12.30
2026-01-06 18:26:25 [INFO] Stats refresh: classAvg=12.30
2026-01-06 18:26:26 [INFO] Stats refresh: classAvg=12.30
2026-01-06 18:26:27 [INFO] Stats refresh: classAvg=12.30
2026-01-06 18:26:28 [INFO] Stats refresh: classAvg=12.30
2026-01-06 18:26:29 [INFO] Stats refresh: classAvg=12.30
2026-01-06 18:26:30 [INFO] Stats refresh: classAvg=12.30
2026-01-06 18:26:31 [INFO] Stats refresh: classAvg=12.30
2026-01-06 18:26:32 [INFO] Stats refresh: classAvg=12.30
2026-01-06 18:26:33 [INFO] Stats refresh: classAvg=12.30
2026-01-06 18:26:34 [INFO] Stats refresh: classAvg=12.30
2026-01-06 18:26:35 [INFO] Stats refresh: classAvg=12.30
2026-01-06 18:26:36 [INFO] Stats refresh: classAvg=12.30
2026-01-06 18:26:37 [INFO] Stats refresh: classAvg=12.30
2026-01-06 18:26:38 [INFO] Stats refresh: classAvg=12.30
2026-01-06 18:26:39 [INFO] Stats refresh: classAvg=12.30
2026-01-06 18:26:40 [INFO] Stats refresh: classAvg=12.30
2026-01-06 18:26:41 [INFO] Stats refresh: classAvg=12.30
2026-01-06 18:26:42 [INFO] Stats refresh: classAvg=12.30
2026-01-06 18:26:43 [INFO] Stats refresh: classAvg=12.30
2026-01-06 18:26:44 [INFO] Stats refresh: classAvg=12.30
2026-01-06 18:26:45 [INFO] Stats refresh: classAvg=12.30
2026-01-06 18:26:46 [INFO] Stats refresh: classAvg=12.30
2026-01-06 18:26:47 [INFO] Stats refresh: classAvg=12.30
2026-01-06 18:26:48 [INFO] Stats refresh: classAvg=12.30
2026-01-06 18:26:49 [INFO] Stats refresh: classAvg=12.30
2026-01-06 18:26:50 [INFO] Stats refresh: classAvg=12.30
2026-01-06 18:26:51 [INFO] Stats refresh: classAvg=12.30
2026-01-06 18:26:53 [INFO] Stats refresh: classAvg=12.30
2026-01-06 18:26:54 [INFO] Stats refresh: classAvg=12.30
2026-01-06 18:26:55 [INFO] Stats refresh: classAvg=12.30
2026-01-06 18:26:56 [INFO] Stats refresh: classAvg=12.30
2026-01-06 18:26:57 [INFO] Stats refresh: classAvg=12.30
2026-01-06 18:26:58 [INFO] Stats refresh: classAvg=12.30
2026-01-06 18:26:59 [INFO] Stats refresh: classAvg=12.30
2026-01-06 18:27:00 [INFO] Stats refresh: classAvg=12.30
2026-01-06 18:27:01 [INFO] Stats refresh: classAvg=12.30
2026-01-06 18:27:02 [INFO] Stats refresh: classAvg=12.30
2026-01-06 18:27:03 [INFO] Stats refresh: classAvg=12.30
2026-01-06 18:27:04 [INFO] Stats refresh: classAvg=12.30
2026-01-06 18:27:05 [INFO] Stats refresh: classAvg=12.30
2026-01-06 18:27:06 [INFO] Stats refresh: classAvg=12.30
2026-01-06 18:27:07 [INFO] Stats refresh: classAvg=12.30
2026-01-06 18:27:08 [INFO] Stats refresh: classAvg=12.30
2026-01-06 18:27:09 [INFO] Stats refresh: classAvg=12.30
2026-01-06 18:27:10 [INFO] Stats refresh: classAvg=12.30
2026-01-06 18:27:11 [INFO] Stats refresh: classAvg=12.30
2026-01-06 18:27:12 [INFO] Stats refresh: classAvg=12.30
2026-01-06 18:27:13 [INFO] Stats refresh: classAvg=12.30
2026-01-06 18:27:14 [INFO] Stats refresh: classAvg=12.30
2026-01-06 18:27:15 [INFO] Stats refresh: classAvg=12.30
2026-01-06 18:27:16 [INFO] Stats refresh: classAvg=12.30
2026-01-06 18:27:17 [INFO] Stats refresh: classAvg=12.30
2026-01-06 18:27:18 [INFO] Stats refresh: classAvg=12.30
2026-01-06 18:27:19 [INFO] Stats refresh: classAvg=12.30
2026-01-06 18:27:20 [INFO] Stats refresh: classAvg=12.30
2026-01-06 18:27:21 [INFO] Stats refresh: classAvg=12.30
2026-01-06 18:27:22 [INFO] Stats refresh: classAvg=12.30
2026-01-06 18:27:23 [INFO] Stats refresh: classAvg=12.30
2026-01-06 18:27:24 [INFO] Stats refresh: classAvg=12.30
2026-01-06 18:27:25 [INFO] Stats refresh: classAvg=12.30
2026-01-06 18:27:26 [INFO] Stats refresh: classAvg=12.30
2026-01-06 18:27:27 [INFO] Stats refresh: classAvg=12.30
2026-01-06 18:27:28 [INFO] Stats refresh: classAvg=12.30
2026-01-06 18:27:29 [INFO] Stats refresh: classAvg=12.30
2026-01-06 18:27:30 [INFO] Stats refresh: classAvg=12.30
2026-01-06 18:27:31 [INFO] Stats refresh: classAvg=12.30
2026-01-06 18:27:32 [INFO] Stats refresh: classAvg=12.30
2026-01-06 18:27:33 [INFO] Stats refresh: classAvg=12.30
2026-01-06 18:27:35 [INFO] Stats refresh: classAvg=12.30
2026-01-06 18:27:36 [INFO] Stats refresh: classAvg=12.30
2026-01-06 18:27:37 [INFO] Stats refresh: classAvg=12.30
2026-01-06 18:27:38 [INFO] Stats refresh: classAvg=12.30
2026-01-06 18:27:39 [INFO] Stats refresh: classAvg=12.30
2026-01-06 18:27:40 [INFO] Stats refresh: classAvg=12.30
2026-01-06 18:27:41 [INFO] Stats refresh: classAvg=12.30
2026-01-06 18:27:42 [INFO] Stats refresh: classAvg=12.30
2026-01-06 18:27:43 [INFO] Stats refresh: classAvg=12.30
2026-01-06 18:27:44 [INFO] Stats refresh: classAvg=12.30
2026-01-06 18:27:45 [INFO] Stats refresh: classAvg=12.30
2026-01-06 18:27:46 [INFO] Stats refresh: classAvg=12.30
2026-01-06 18:27:47 [INFO] Stats refresh: classAvg=12.30
2026-01-06 18:27:49 [INFO] Stats refresh: classAvg=12.30
2026-01-06 18:27:50 [INFO] Stats refresh: classAvg=12.30
2026-01-06 18:27:51 [INFO] Stats refresh: classAvg=12.30
2026-01-06 18:27:53 [INFO] Stats refresh: classAvg=12.30
2026-01-06 18:27:56 [INFO] Stats refresh: classAvg=12.30
2026-01-06 18:27:57 [INFO] Stats refresh: classAvg=12.30
2026-01-06 18:27:58 [INFO] Stats refresh: classAvg=12.30
2026-01-06 18:27:59 [INFO] Stats refresh: classAvg=12.30
2026-01-06 18:28:00 [INFO] Stats refresh: classAvg=12.30
2026-01-06 18:28:01 [INFO] Stats refresh: classAvg=12.30
2026-01-06 18:28:02 [INFO] Stats refresh: classAvg=12.30
2026-01-06 18:28:03 [INFO] Stats refresh: classAvg=12.30
2026-01-06 18:28:04 [INFO] Stats refresh: classAvg=12.30
2026-01-06 18:28:05 [INFO] Stats refresh: classAvg=12.30
2026-01-06 18:28:06 [INFO] Stats refresh: classAvg=12.30
2026-01-06 18:28:07 [INFO] Stats refresh: classAvg=12.30
2026-01-06 18:28:08 [INFO] Stats refresh: classAvg=12.30
2026-01-06 18:28:09 [INFO] Stats refresh: classAvg=12.30
2026-01-06 18:28:10 [INFO] Stats refresh: classAvg=12.30
2026-01-06 18:28:11 [INFO] Stats refresh: classAvg=12.30
2026-01-06 18:28:12 [INFO] Stats refresh: classAvg=12.30
2026-01-06 18:28:13 [INFO] Stats refresh: classAvg=12.30
2026-01-06 18:28:14 [INFO] Stats refresh: classAvg=12.30
2026-01-06 18:28:15 [INFO] Stats refresh: classAvg=12.30
2026-01-06 18:28:16 [INFO] Stats refresh: classAvg=12.30
2026-01-06 18:28:17 [INFO] Stats refresh: classAvg=12.30
2026-01-06 18:28:19 [INFO] Stats refresh: classAvg=12.30
2026-01-06 18:28:20 [INFO] Stats refresh: classAvg=12.30
2026-01-06 18:28:21 [INFO] Stats refresh: classAvg=12.30
2026-01-06 18:28:22 [INFO] Stats refresh: classAvg=12.30
2026-01-06 18:28:23 [INFO] Stats refresh: classAvg=12.30
2026-01-06 18:28:24 [INFO] Stats refresh: classAvg=12.30
2026-01-06 18:28:25 [INFO] Stats refresh: classAvg=12.30
2026-01-06 18:28:26 [INFO] Stats refresh: classAvg=12.30
2026-01-06 18:28:27 [INFO] Stats refresh: classAvg=12.30
2026-01-06 18:28:28 [INFO] Stats refresh: classAvg=12.30
2026-01-06 18:28:29 [INFO] Stats refresh: classAvg=12.30
2026-01-06 18:28:30 [INFO] Stats refresh: classAvg=12.30
2026-01-06 18:28:31 [INFO] Stats refresh: classAvg=12.30
2026-01-06 18:28:32 [INFO] Stats refresh: classAvg=12.30
2026-01-06 18:28:33 [INFO] Stats refresh: classAvg=12.30
2026-01-06 18:28:34 [INFO] Stats refresh: classAvg=12.30
2026-01-06 18:28:35 [INFO] Stats refresh: classAvg=12.30
2026-01-06 18:28:36 [INFO] Stats refresh: classAvg=12.30
2026-01-06 18:28:37 [INFO] Stats refresh: classAvg=12.30
2026-01-06 18:28:38 [INFO] Stats refresh: classAvg=12.30
2026-01-06 18:28:39 [INFO] Stats refresh: classAvg=12.30
2026-01-06 18:28:40 [INFO] Stats refresh: classAvg=12.30
2026-01-06 18:28:41 [INFO] Stats refresh: classAvg=12.30
2026-01-06 18:28:42 [INFO] Stats refresh: classAvg=12.30
2026-01-06 18:28:43 [INFO] Stats refresh: classAvg=12.30
2026-01-06 18:28:44 [INFO] Stats refresh: classAvg=12.30
2026-01-06 18:28:45 [INFO] Stats refresh: classAvg=12.30
2026-01-06 18:28:46 [INFO] Stats refresh: classAvg=12.30
2026-01-06 18:28:47 [INFO] Stats refresh: classAvg=12.30
2026-01-06 18:28:48 [INFO] Stats refresh: classAvg=12.30
2026-01-06 18:28:49 [INFO] Stats refresh: classAvg=12.30
2026-01-06 18:28:50 [INFO] Stats refresh: classAvg=12.30
2026-01-06 18:28:51 [INFO] Stats refresh: classAvg=12.30
2026-01-06 18:28:53 [INFO] Stats refresh: classAvg=12.30
2026-01-06 18:28:54 [INFO] Stats refresh: classAvg=12.30
2026-01-06 18:28:55 [INFO] Stats refresh: classAvg=12.30
2026-01-06 18:28:56 [INFO] Stats refresh: classAvg=12.30
2026-01-06 18:28:57 [INFO] Stats refresh: classAvg=12.30
2026-01-06 18:28:58 [INFO] Stats refresh: classAvg=12.30
2026-01-06 18:28:59 [INFO] Stats refresh: classAvg=12.30
2026-01-06 18:29:00 [INFO] Stats refresh: classAvg=12.30
2026-01-06 18:29:01 [INFO] Stats refresh: classAvg=12.30
2026-01-06 18:29:02 [INFO] Stats refresh: classAvg=12.30
2026-01-06 18:29:03 [INFO] Stats refresh: classAvg=12.30
2026-01-06 18:29:04 [INFO] Stats refresh: classAvg=12.30
2026-01-06 18:29:05 [INFO] Stats refresh: classAvg=12.30
2026-01-06 18:29:06 [INFO] Stats refresh: classAvg=12.30
2026-01-06 18:29:07 [INFO] Stats refresh: classAvg=12.30
2026-01-06 18:29:08 [INFO] Stats refresh: classAvg=12.30
2026-01-06 18:29:09 [INFO] Stats refresh: classAvg=12.30
2026-01-06 18:29:10 [INFO] Stats refresh: classAvg=12.30
2026-01-06 18:29:11 [INFO] Stats refresh: classAvg=12.30
2026-01-06 18:29:12 [INFO] Stats refresh: classAvg=12.30
2026-01-06 18:29:13 [INFO] Stats refresh: classAvg=12.30
2026-01-06 18:29:14 [INFO] Stats refresh: classAvg=12.30
2026-01-06 18:29:15 [INFO] Stats refresh: classAvg=12.30
2026-01-06 18:29:16 [INFO] Stats refresh: classAvg=12.30
2026-01-06 18:29:17 [INFO] Stats refresh: classAvg=12.30
2026-01-06 18:29:18 [INFO] Stats refresh: classAvg=12.30
2026-01-06 18:29:20 [INFO] Stats refresh: classAvg=12.30
2026-01-06 18:29:21 [INFO] Stats refresh: classAvg=12.30
2026-01-06 18:29:22 [INFO] Stats refresh: classAvg=12.30
2026-01-06 18:29:23 [INFO] Stats refresh: classAvg=12.30
2026-01-06 18:29:24 [INFO] Stats refresh: classAvg=12.30
2026-01-06 18:29:25 [INFO] Stats refresh: classAvg=12.30
2026-01-06 18:29:26 [INFO] Stats refresh: classAvg=12.30
2026-01-06 18:29:27 [INFO] Stats refresh: classAvg=12.30
2026-01-06 18:29:28 [INFO] Stats refresh: classAvg=12.30
2026-01-06 18:29:29 [INFO] Stats refresh: classAvg=12.30
2026-01-06 18:29:30 [INFO] Stats refresh: classAvg=12.30
2026-01-06 18:29:31 [INFO] Stats refresh: classAvg=12.30
2026-01-06 18:29:32 [INFO] Stats refresh: classAvg=12.30
2026-01-06 18:29:33 [INFO] Stats refresh: classAvg=12.30
2026-01-06 18:29:34 [INFO] Stats refresh: classAvg=12.30
2026-01-06 18:29:35 [INFO] Stats refresh: classAvg=12.30
2026-01-06 18:29:36 [INFO] Stats refresh: classAvg=12.30
2026-01-06 18:29:37 [INFO] Stats refresh: classAvg=12.30
2026-01-06 18:29:38 [INFO] Stats refresh: classAvg=12.30
2026-01-06 18:29:39 [INFO] Stats refresh: classAvg=12.30
2026-01-06 18:29:40 [INFO] Stats refresh: classAvg=12.30
2026-01-06 18:29:41 [INFO] Stats refresh: classAvg=12.30
2026-01-06 18:29:42 [INFO] Stats refresh: classAvg=12.30
2026-01-06 18:29:43 [INFO] Stats refresh: classAvg=12.30
2026-01-06 18:29:44 [INFO] Stats refresh: classAvg=12.30
2026-01-06 18:29:45 [INFO] Stats refresh: classAvg=12.30
2026-01-06 18:29:46 [INFO] Stats refresh: classAvg=12.30
2026-01-06 18:29:48 [INFO] Stats refresh: classAvg=12.30
2026-01-06 18:29:49 [INFO] Stats refresh: classAvg=12.30
2026-01-06 18:29:50 [INFO] Stats refresh: classAvg=12.30
2026-01-06 18:29:51 [INFO] Stats refresh: classAvg=12.30
2026-01-06 18:29:52 [INFO] Stats refresh: classAvg=12.30
2026-01-06 18:29:53 [INFO] Stats refresh: classAvg=12.30
2026-01-06 18:29:54 [INFO] Stats refresh: classAvg=12.30
2026-01-06 18:29:55 [INFO] Stats refresh: classAvg=12.30
2026-01-06 18:29:56 [INFO] Stats refresh: classAvg=12.30
2026-01-06 18:29:57 [INFO] Stats refresh: classAvg=12.30
2026-01-06 18:29:58 [INFO] Stats refresh: classAvg=12.30
2026-01-06 18:29:59 [INFO] Stats refresh: classAvg=12.30
2026-01-06 18:30:00 [INFO] Stats refresh: classAvg=12.30
2026-01-06 18:30:01 [INFO] Stats refresh: classAvg=12.30
2026-01-06 18:30:02 [INFO] Stats refresh: classAvg=12.30
2026-01-06 18:30:03 [INFO] Stats refresh: classAvg=12.30
2026-01-06 18:30:04 [INFO] Stats refresh: classAvg=12.30
2026-01-06 18:30:05 [INFO] Stats refresh: classAvg=12.30
2026-01-06 18:30:06 [INFO] Stats refresh: classAvg=12.30
2026-01-06 18:30:07 [INFO] Stats refresh: classAvg=12.30
2026-01-06 18:30:08 [INFO] Stats refresh: classAvg=12.30
2026-01-06 18:30:09 [INFO] Stats refresh: classAvg=12.30
2026-01-06 18:30:10 [INFO] Stats refresh: classAvg=12.30
2026-01-06 18:30:11 [INFO] Stats refresh: classAvg=12.30
2026-01-06 18:30:12 [INFO] Stats refresh: classAvg=12.30
2026-01-06 18:30:14 [INFO] Stats refresh: classAvg=12.30
2026-01-06 18:30:15 [INFO] Stats refresh: classAvg=12.30
2026-01-06 18:30:16 [INFO] Stats refresh: classAvg=12.30
2026-01-06 18:30:17 [INFO] Stats refresh: classAvg=12.30
2026-01-06 18:30:18 [INFO] Stats refresh: classAvg=12.30
2026-01-06 18:30:19 [INFO] Stats refresh: classAvg=12.30
2026-01-06 18:30:20 [INFO] Stats refresh: classAvg=12.30
2026-01-06 18:30:21 [INFO] Stats refresh: classAvg=12.30
2026-01-06 18:30:22 [INFO] Stats refresh: classAvg=12.30
2026-01-06 18:30:23 [INFO] Stats refresh: classAvg=12.30
2026-01-06 18:30:24 [INFO] Stats refresh: classAvg=12.30
2026-01-06 18:30:25 [INFO] Stats refresh: classAvg=12.30
2026-01-06 18:30:26 [INFO] Stats refresh: classAvg=12.30
2026-01-06 18:30:27 [INFO] Stats refresh: classAvg=12.30
2026-01-06 18:30:28 [INFO] Stats refresh: classAvg=12.30
2026-01-06 18:30:29 [INFO] Stats refresh: classAvg=12.30
2026-01-06 18:30:30 [INFO] Stats refresh: classAvg=12.30
2026-01-06 18:30:31 [INFO] Stats refresh: classAvg=12.30
2026-01-06 18:30:32 [INFO] Stats refresh: classAvg=12.30
2026-01-06 18:30:33 [INFO] Stats refresh: classAvg=12.30
2026-01-06 18:30:34 [INFO] Stats refresh: classAvg=12.30
2026-01-06 18:30:35 [INFO] Stats refresh: classAvg=12.30
2026-01-06 18:30:36 [INFO] Stats refresh: classAvg=12.30
2026-01-06 18:30:37 [INFO] Stats refresh: classAvg=12.30
2026-01-06 18:30:38 [INFO] Stats refresh: classAvg=12.30
2026-01-06 18:30:39 [INFO] Stats refresh: classAvg=12.30
2026-01-06 18:30:40 [INFO] Stats refresh: classAvg=12.30
2026-01-06 18:30:41 [INFO] Stats refresh: classAvg=12.30
2026-01-06 18:30:43 [INFO] Stats refresh: classAvg=12.30
2026-01-06 18:30:44 [INFO] Stats refresh: classAvg=12.30
2026-01-06 18:30:45 [INFO] Stats refresh: classAvg=12.30
2026-01-06 18:30:46 [INFO] Stats refresh: classAvg=12.30
2026-01-06 18:30:47 [INFO] Stats refresh: classAvg=12.30
2026-01-06 18:30:48 [INFO] Stats refresh: classAvg=12.30
2026-01-06 18:30:49 [INFO] Stats refresh: classAvg=12.30
2026-01-06 18:30:50 [INFO] Stats refresh: classAvg=12.30
2026-01-06 18:30:51 [INFO] Stats refresh: classAvg=12.30
2026-01-06 18:30:52 [INFO] Stats refresh: classAvg=12.30
2026-01-06 18:30:53 [INFO] Stats refresh: classAvg=12.30
2026-01-06 18:30:54 [INFO] Stats refresh: classAvg=12.30
2026-01-06 18:30:55 [INFO] Stats refresh: classAvg=12.30
2026-01-06 18:30:56 [INFO] Stats refresh: classAvg=12.30
2026-01-06 18:30:57 [INFO] Stats refresh: classAvg=12.30
2026-01-06 18:30:58 [INFO] Stats refresh: classAvg=12.30
2026-01-06 18:30:59 [INFO] Stats refresh: classAvg=12.30
2026-01-06 18:31:00 [INFO] Stats refresh: classAvg=12.30
2026-01-06 18:31:01 [INFO] Stats refresh: classAvg=12.30
2026-01-06 18:31:02 [INFO] Stats refresh: classAvg=12.30
2026-01-06 18:31:03 [INFO] Stats refresh: classAvg=12.30
2026-01-06 18:31:04 [INFO] Stats refresh: classAvg=12.30
2026-01-06 18:31:05 [INFO] Stats refresh: classAvg=12.30
2026-01-06 18:31:06 [INFO] Stats refresh: classAvg=12.30
2026-01-06 18:31:08 [INFO] Stats refresh: classAvg=12.30
2026-01-06 18:31:09 [INFO] Stats refresh: classAvg=12.30
2026-01-06 18:31:10 [INFO] Stats refresh: classAvg=12.30
2026-01-06 18:31:11 [INFO] Stats refresh: classAvg=12.30
2026-01-06 18:31:12 [INFO] Stats refresh: classAvg=12.30
2026-01-06 18:31:13 [INFO] Stats refresh: classAvg=12.30
2026-01-06 18:31:14 [INFO] Stats refresh: classAvg=12.30
2026-01-06 18:31:15 [INFO] Stats refresh: classAvg=12.30
2026-01-06 18:31:16 [INFO] Stats refresh: classAvg=12.30
2026-01-06 18:31:17 [INFO] Stats refresh: classAvg=12.30
2026-01-06 18:31:18 [INFO] Stats refresh: classAvg=12.30
2026-01-06 18:31:19 [INFO] Stats refresh: classAvg=12.30
2026-01-06 18:31:20 [INFO] Stats refresh: classAvg=12.30
2026-01-06 18:31:21 [INFO] Stats refresh: classAvg=12.30
2026-01-06 18:31:22 [INFO] Stats refresh: classAvg=12.30
2026-01-06 18:31:23 [INFO] Stats refresh: classAvg=12.30
2026-01-06 18:31:24 [INFO] Stats refresh: classAvg=12.30
2026-01-06 18:31:25 [INFO] Stats refresh: classAvg=12.30
2026-01-06 18:31:26 [INFO] Stats refresh: classAvg=12.30
2026-01-06 18:31:27 [INFO] Stats refresh: classAvg=12.30
2026-01-06 18:31:28 [INFO] Stats refresh: classAvg=12.30
2026-01-06 18:31:29 [INFO] Stats refresh: classAvg=12.30
2026-01-06 18:31:30 [INFO] Stats refresh: classAvg=12.30
2026-01-06 18:31:31 [INFO] Stats refresh: classAvg=12.30
2026-01-06 18:31:33 [INFO] Stats refresh: classAvg=12.30
2026-01-06 18:31:34 [INFO] Stats refresh: classAvg=12.30
2026-01-06 18:31:35 [INFO] Stats refresh: classAvg=12.30
2026-01-06 18:31:36 [INFO] Stats refresh: classAvg=12.30
2026-01-06 18:31:37 [INFO] Stats refresh: classAvg=12.30
2026-01-06 18:31:38 [INFO] Stats refresh: classAvg=12.30
2026-01-06 18:31:39 [INFO] Stats refresh: classAvg=12.30
2026-01-06 18:31:40 [INFO] Stats refresh: classAvg=12.30
2026-01-06 18:31:41 [INFO] Stats refresh: classAvg=12.30
2026-01-06 18:31:42 [INFO] Stats refresh: classAvg=12.30
2026-01-06 18:31:43 [INFO] Stats refresh: classAvg=12.30
2026-01-06 18:31:44 [INFO] Stats refresh: classAvg=12.30
2026-01-06 18:31:45 [INFO] Stats refresh: classAvg=12.30
2026-01-06 18:31:46 [INFO] Stats refresh: classAvg=12.30
2026-01-06 18:31:47 [INFO] Stats refresh: classAvg=12.30
2026-01-06 18:31:48 [INFO] Stats refresh: classAvg=12.30
2026-01-06 18:31:49 [INFO] Stats refresh: classAvg=12.30
2026-01-06 18:31:50 [INFO] Stats refresh: classAvg=12.30
2026-01-06 18:31:51 [INFO] Stats refresh: classAvg=12.30
2026-01-06 18:31:52 [INFO] Stats refresh: classAvg=12.30
2026-01-06 18:31:53 [INFO] Stats refresh: classAvg=12.30
2026-01-06 18:31:54 [INFO] Stats refresh: classAvg=12.30
2026-01-06 18:31:55 [INFO] Stats refresh: classAvg=12.30
2026-01-06 18:31:56 [INFO] Stats refresh: classAvg=12.30
2026-01-06 18:31:57 [INFO] Stats refresh: classAvg=12.30
2026-01-06 18:31:58 [INFO] Stats refresh: classAvg=12.30
2026-01-06 18:31:59 [INFO] Stats refresh: classAvg=12.30
2026-01-06 18:32:00 [INFO] Stats refresh: classAvg=12.30
2026-01-06 18:32:01 [INFO] Stats refresh: classAvg=12.30
2026-01-06 18:32:02 [INFO] Stats refresh: classAvg=12.30
2026-01-06 18:32:03 [INFO] Stats refresh: classAvg=12.30
2026-01-06 18:32:04 [INFO] Stats refresh: classAvg=12.30
2026-01-06 18:32:05 [INFO] Stats refresh: classAvg=12.30
2026-01-06 18:32:06 [INFO] Stats refresh: classAvg=12.30
2026-01-06 18:32:07 [INFO] Stats refresh: classAvg=12.30
2026-01-06 18:32:08 [INFO] Stats refresh: classAvg=12.30
2026-01-06 18:32:09 [INFO] Stats refresh: classAvg=12.30
2026-01-06 18:32:10 [INFO] Stats refresh: classAvg=12.30
2026-01-06 18:32:11 [INFO] Stats refresh: classAvg=12.30
2026-01-06 18:32:13 [INFO] Stats refresh: classAvg=12.30
2026-01-06 18:32:14 [INFO] Stats refresh: classAvg=12.30
2026-01-06 18:32:15 [INFO] Stats refresh: classAvg=12.30
2026-01-06 18:32:16 [INFO] Stats refresh: classAvg=12.30
2026-01-06 18:32:17 [INFO] Stats refresh: classAvg=12.30
2026-01-06 18:32:18 [INFO] Stats refresh: classAvg=12.30
2026-01-06 18:32:19 [INFO] Stats refresh: classAvg=12.30
2026-01-06 18:32:20 [INFO] Stats refresh: classAvg=12.30
2026-01-06 18:32:21 [INFO] Stats refresh: classAvg=12.30
2026-01-06 18:32:22 [INFO] Stats refresh: classAvg=12.30
2026-01-06 18:32:23 [INFO] Stats refresh: classAvg=12.30
2026-01-06 18:32:24 [INFO] Stats refresh: classAvg=12.30
2026-01-06 18:32:25 [INFO] Stats refresh: classAvg=12.30
2026-01-06 18:32:26 [INFO] Stats refresh: classAvg=12.30
2026-01-06 18:32:27 [INFO] Stats refresh: classAvg=12.30
2026-01-06 18:32:28 [INFO] Stats refresh: classAvg=12.30
2026-01-06 18:32:29 [INFO] Stats refresh: classAvg=12.30
2026-01-06 18:32:30 [INFO] Stats refresh: classAvg=12.30
2026-01-06 18:32:31 [INFO] Stats refresh: classAvg=12.30
2026-01-06 18:32:32 [INFO] Stats refresh: classAvg=12.30
2026-01-06 18:32:33 [INFO] Stats refresh: classAvg=12.30
2026-01-06 18:32:34 [INFO] Stats refresh: classAvg=12.30
2026-01-06 18:32:35 [INFO] Stats refresh: classAvg=12.30
2026-01-06 18:32:36 [INFO] Stats refresh: classAvg=12.30
2026-01-06 18:32:37 [INFO] Stats refresh: classAvg=12.30
2026-01-06 18:32:38 [INFO] Stats refresh: classAvg=12.30
2026-01-06 18:32:39 [INFO] Stats refresh: classAvg=12.30
2026-01-06 18:32:40 [INFO] Stats refresh: classAvg=12.30
2026-01-06 18:32:41 [INFO] Stats refresh: classAvg=12.30
2026-01-06 18:32:42 [INFO] Stats refresh: classAvg=12.30
2026-01-06 18:32:43 [INFO] Stats refresh: classAvg=12.30
2026-01-06 18:32:44 [INFO] Stats refresh: classAvg=12.30
2026-01-06 18:32:45 [INFO] Stats refresh: classAvg=12.30
2026-01-06 18:32:46 [INFO] Stats refresh: classAvg=12.30
2026-01-06 18:32:47 [INFO] Stats refresh: classAvg=12.30
2026-01-06 18:32:48 [INFO] Stats refresh: classAvg=12.30
2026-01-06 18:32:49 [INFO] Stats refresh: classAvg=12.30
2026-01-06 18:32:50 [INFO] Stats refresh: classAvg=12.30
2026-01-06 18:32:51 [INFO] Stats refresh: classAvg=12.30
2026-01-06 18:32:52 [INFO] Stats refresh: classAvg=12.30
2026-01-06 18:32:53 [INFO] Stats refresh: classAvg=12.30
2026-01-06 18:32:54 [INFO] Stats refresh: classAvg=12.30
2026-01-06 18:32:55 [INFO] Stats refresh: classAvg=12.30
2026-01-06 18:32:56 [INFO] Stats refresh: classAvg=12.30
2026-01-06 18:32:57 [INFO] Stats refresh: classAvg=12.30
2026-01-06 18:32:58 [INFO] Stats refresh: classAvg=12.30
2026-01-06 18:32:59 [INFO] Stats refresh: classAvg=12.30
2026-01-06 18:33:01 [INFO] Stats refresh: classAvg=12.30
2026-01-06 18:33:02 [INFO] Stats refresh: classAvg=12.30
2026-01-06 18:33:03 [INFO] Stats refresh: classAvg=12.30
2026-01-06 18:33:04 [INFO] Stats refresh: classAvg=12.30
2026-01-06 18:33:05 [INFO] Stats refresh: classAvg=12.30
2026-01-06 18:33:06 [INFO] Stats refresh: classAvg=12.30
2026-01-06 18:33:07 [INFO] Stats refresh: classAvg=12.30
2026-01-06 18:33:08 [INFO] Stats refresh: classAvg=12.30
2026-01-06 18:33:09 [INFO] Stats refresh: classAvg=12.30
2026-01-06 18:33:10 [INFO] Stats refresh: classAvg=12.30
2026-01-06 18:33:11 [INFO] Stats refresh: classAvg=12.30
2026-01-06 18:33:12 [INFO] Stats refresh: classAvg=12.30
2026-01-06 18:33:13 [INFO] Stats refresh: classAvg=12.30
2026-01-06 18:33:14 [INFO] Stats refresh: classAvg=12.30
2026-01-06 18:33:15 [INFO] Stats refresh: classAvg=12.30
2026-01-06 18:33:16 [INFO] Stats refresh: classAvg=12.30
2026-01-06 18:33:17 [INFO] Stats refresh: classAvg=12.30
2026-01-06 18:33:18 [INFO] Stats refresh: classAvg=12.30
2026-01-06 18:33:19 [INFO] Stats refresh: classAvg=12.30
2026-01-06 18:33:20 [INFO] Stats refresh: classAvg=12.30
2026-01-06 18:33:21 [INFO] Stats refresh: classAvg=12.30
2026-01-06 18:33:22 [INFO] Stats refresh: classAvg=12.30
2026-01-06 18:33:23 [INFO] Stats refresh: classAvg=12.30
2026-01-06 18:33:24 [INFO] Stats refresh: classAvg=12.30
2026-01-06 18:33:25 [INFO] Stats refresh: classAvg=12.30
2026-01-06 18:33:26 [INFO] Stats refresh: classAvg=12.30
2026-01-06 18:33:27 [INFO] Stats refresh: classAvg=12.30
2026-01-06 18:33:28 [INFO] Stats refresh: classAvg=12.30
2026-01-06 18:33:29 [INFO] Stats refresh: classAvg=12.30
2026-01-06 18:33:30 [INFO] Stats refresh: classAvg=12.30
2026-01-06 18:33:31 [INFO] Stats refresh: classAvg=12.30
2026-01-06 18:33:32 [INFO] Stats refresh: classAvg=12.30
2026-01-06 18:33:33 [INFO] Stats refresh: classAvg=12.30
2026-01-06 18:33:34 [INFO] Stats refresh: classAvg=12.30
2026-01-06 18:33:35 [INFO] Stats refresh: classAvg=12.30
2026-01-06 18:33:36 [INFO] Stats refresh: classAvg=12.30
2026-01-06 18:33:37 [INFO] Stats refresh: classAvg=12.30
2026-01-06 18:33:38 [INFO] Stats refresh: classAvg=12.30
2026-01-06 18:33:39 [INFO] Stats refresh: classAvg=12.30
2026-01-06 18:33:40 [INFO] Stats refresh: classAvg=12.30
2026-01-06 18:33:41 [INFO] Stats refresh: classAvg=12.30
2026-01-06 18:33:42 [INFO] Stats refresh: classAvg=12.30
2026-01-06 18:33:43 [INFO] Stats refresh: classAvg=12.30
2026-01-06 18:33:44 [INFO] Stats refresh: classAvg=12.30
2026-01-06 18:33:45 [INFO] Stats refresh: classAvg=12.30
2026-01-06 18:33:46 [INFO] Stats refresh: classAvg=12.30
2026-01-06 18:33:47 [INFO] Stats refresh: classAvg=12.30
2026-01-06 18:33:48 [INFO] Stats refresh: classAvg=12.30
2026-01-06 18:33:50 [INFO] Stats refresh: classAvg=12.30
2026-01-06 18:33:52 [INFO] Stats refresh: classAvg=12.30
2026-01-06 18:33:53 [INFO] Stats refresh: classAvg=12.30
2026-01-06 18:33:54 [INFO] Stats refresh: classAvg=12.30
2026-01-06 18:33:55 [INFO] Stats refresh: classAvg=12.30
2026-01-06 18:33:56 [INFO] Stats refresh: classAvg=12.30
2026-01-06 18:33:57 [INFO] Stats refresh: classAvg=12.30
2026-01-06 18:33:58 [INFO] Stats refresh: classAvg=12.30
2026-01-06 18:33:59 [INFO] Stats refresh: classAvg=12.30
2026-01-06 18:34:00 [INFO] Stats refresh: classAvg=12.30
2026-01-06 18:34:01 [INFO] Stats refresh: classAvg=12.30
2026-01-06 18:34:02 [INFO] Stats refresh: classAvg=12.30
2026-01-06 18:34:03 [INFO] Stats refresh: classAvg=12.30
2026-01-06 18:34:04 [INFO] Stats refresh: classAvg=12.30
2026-01-06 18:34:05 [INFO] Stats refresh: classAvg=12.30
2026-01-06 18:34:06 [INFO] Stats refresh: classAvg=12.30
2026-01-06 18:34:08 [INFO] Stats refresh: classAvg=12.30
2026-01-06 18:34:09 [INFO] Stats refresh: classAvg=12.30
2026-01-06 18:34:10 [INFO] Stats refresh: classAvg=12.30
2026-01-06 18:34:11 [INFO] Stats refresh: classAvg=12.30
2026-01-06 18:34:12 [INFO] Stats refresh: classAvg=12.30
2026-01-06 18:34:13 [INFO] Stats refresh: classAvg=12.30
2026-01-06 18:34:14 [INFO] Stats refresh: classAvg=12.30
2026-01-06 18:34:15 [INFO] Stats refresh: classAvg=12.30
2026-01-06 18:34:16 [INFO] Stats refresh: classAvg=12.30
2026-01-06 18:34:17 [INFO] Stats refresh: classAvg=12.30
2026-01-06 18:34:18 [INFO] Stats refresh: classAvg=12.30
2026-01-06 18:34:19 [INFO] Stats refresh: classAvg=12.30
2026-01-06 18:34:20 [INFO] Stats refresh: classAvg=12.30
2026-01-06 18:34:21 [INFO] Stats refresh: classAvg=12.30
2026-01-06 18:34:22 [INFO] Stats refresh: classAvg=12.30
2026-01-06 18:34:23 [INFO] Stats refresh: classAvg=12.30
2026-01-06 18:34:24 [INFO] Stats refresh: classAvg=12.30
2026-01-06 18:34:25 [INFO] Stats refresh: classAvg=12.30
2026-01-06 18:34:26 [INFO] Stats refresh: classAvg=12.30
2026-01-06 18:34:27 [INFO] Stats refresh: classAvg=12.30
2026-01-06 18:34:28 [INFO] Stats refresh: classAvg=12.30
2026-01-06 18:34:29 [INFO] Stats refresh: classAvg=12.30
2026-01-06 18:34:30 [INFO] Stats refresh: classAvg=12.30
2026-01-06 18:34:31 [INFO] Stats refresh: classAvg=12.30
2026-01-06 18:34:32 [INFO] Stats refresh: classAvg=12.30
2026-01-06 18:34:33 [INFO] Stats refresh: classAvg=12.30
2026-01-06 18:34:34 [INFO] Stats refresh: classAvg=12.30
2026-01-06 18:34:35 [INFO] Stats refresh: classAvg=12.30
2026-01-06 18:34:36 [INFO] Stats refresh: classAvg=12.30
2026-01-06 18:34:37 [INFO] Stats refresh: classAvg=12.30
2026-01-06 18:34:38 [INFO] Stats refresh: classAvg=12.30
2026-01-06 18:34:39 [INFO] Stats refresh: classAvg=12.30
2026-01-06 18:34:40 [INFO] Stats refresh: classAvg=12.30
2026-01-06 18:34:42 [INFO] Stats refresh: classAvg=12.30
2026-01-06 18:34:43 [INFO] Stats refresh: classAvg=12.30
2026-01-06 18:34:44 [INFO] Stats refresh: classAvg=12.30
2026-01-06 18:34:45 [INFO] Stats refresh: classAvg=12.30
2026-01-06 18:34:46 [INFO] Stats refresh: classAvg=12.30
2026-01-06 18:34:47 [INFO] Stats refresh: classAvg=12.30
2026-01-06 18:34:48 [INFO] Stats refresh: classAvg=12.30
2026-01-06 18:34:49 [INFO] Stats refresh: classAvg=12.30
2026-01-06 18:34:50 [INFO] Stats refresh: classAvg=12.30
2026-01-06 18:34:51 [INFO] Stats refresh: classAvg=12.30
2026-01-06 18:34:52 [INFO] Stats refresh: classAvg=12.30
2026-01-06 18:34:53 [INFO] Stats refresh: classAvg=12.30
2026-01-06 18:34:54 [INFO] Stats refresh: classAvg=12.30
2026-01-06 18:34:55 [INFO] Stats refresh: classAvg=12.30
2026-01-06 18:34:56 [INFO] Stats refresh: classAvg=12.30
2026-01-06 18:34:57 [INFO] Stats refresh: classAvg=12.30
2026-01-06 18:34:58 [INFO] Stats refresh: classAvg=12.30
2026-01-06 18:34:59 [INFO] Stats refresh: classAvg=12.30
2026-01-06 18:35:00 [INFO] Stats refresh: classAvg=12.30
2026-01-06 18:35:01 [INFO] Stats refresh: classAvg=12.30
2026-01-06 18:35:02 [INFO] Stats refresh: classAvg=12.30
2026-01-06 18:35:03 [INFO] Stats refresh: classAvg=12.30
2026-01-06 18:35:04 [INFO] Stats refresh: classAvg=12.30
2026-01-06 18:35:05 [INFO] Stats refresh: classAvg=12.30
2026-01-06 18:35:06 [INFO] Stats refresh: classAvg=12.30
2026-01-06 18:35:07 [INFO] Stats refresh: classAvg=12.30
2026-01-06 18:35:08 [INFO] Stats refresh: classAvg=12.30
2026-01-06 18:35:09 [INFO] Stats refresh: classAvg=12.30
2026-01-06 18:35:10 [INFO] Stats refresh: classAvg=12.30
2026-01-06 18:35:11 [INFO] Stats refresh: classAvg=12.30
2026-01-06 18:35:12 [INFO] Stats refresh: classAvg=12.30
2026-01-06 18:35:13 [INFO] Stats refresh: classAvg=12.30
2026-01-06 18:35:14 [INFO] Stats refresh: classAvg=12.30
2026-01-06 18:35:15 [INFO] Stats refresh: classAvg=12.30
2026-01-06 18:35:16 [INFO] Stats refresh: classAvg=12.30
2026-01-06 18:35:17 [INFO] Stats refresh: classAvg=12.30
2026-01-06 18:35:18 [INFO] Stats refresh: classAvg=12.30
2026-01-06 18:35:19 [INFO] Stats refresh: classAvg=12.30
2026-01-06 18:35:20 [INFO] Stats refresh: classAvg=12.30
2026-01-06 18:35:21 [INFO] Stats refresh: classAvg=12.30
2026-01-06 18:35:22 [INFO] Stats refresh: classAvg=12.30
2026-01-06 18:35:23 [INFO] Stats refresh: classAvg=12.30
2026-01-06 18:35:24 [INFO] Stats refresh: classAvg=12.30
2026-01-06 18:35:25 [INFO] Stats refresh: classAvg=12.30
2026-01-06 18:35:26 [INFO] Stats refresh: classAvg=12.30
2026-01-06 18:35:27 [INFO] Stats refresh: classAvg=12.30
2026-01-06 18:35:28 [INFO] Stats refresh: classAvg=12.30
2026-01-06 18:35:29 [INFO] Stats refresh: classAvg=12.30
2026-01-06 18:35:31 [INFO] Stats refresh: classAvg=12.30
2026-01-06 18:35:32 [INFO] Stats refresh: classAvg=12.30
2026-01-06 18:35:33 [INFO] Stats refresh: classAvg=12.30
2026-01-06 18:35:34 [INFO] Stats refresh: classAvg=12.30
2026-01-06 18:35:35 [INFO] Stats refresh: classAvg=12.30
2026-01-06 18:35:36 [INFO] Stats refresh: classAvg=12.30
2026-01-06 18:35:37 [INFO] Stats refresh: classAvg=12.30
2026-01-06 18:35:38 [INFO] Stats refresh: classAvg=12.30
2026-01-06 18:35:39 [INFO] Stats refresh: classAvg=12.30
2026-01-06 18:35:40 [INFO] Stats refresh: classAvg=12.30
2026-01-06 18:35:41 [INFO] Stats refresh: classAvg=12.30
2026-01-06 18:35:42 [INFO] Stats refresh: classAvg=12.30
2026-01-06 18:35:43 [INFO] Stats refresh: classAvg=12.30
2026-01-06 18:35:44 [INFO] Stats refresh: classAvg=12.30
2026-01-06 18:35:45 [INFO] Stats refresh: classAvg=12.30
2026-01-06 18:35:46 [INFO] Stats refresh: classAvg=12.30
2026-01-06 18:35:47 [INFO] Stats refresh: classAvg=12.30
2026-01-06 18:35:48 [INFO] Stats refresh: classAvg=12.30
2026-01-06 18:35:49 [INFO] Stats refresh: classAvg=12.30
2026-01-06 18:35:50 [INFO] Stats refresh: classAvg=12.30
2026-01-06 18:35:51 [INFO] Stats refresh: classAvg=12.30
2026-01-06 18:35:52 [INFO] Stats refresh: classAvg=12.30
2026-01-06 18:35:53 [INFO] Stats refresh: classAvg=12.30
2026-01-06 18:35:54 [INFO] Stats refresh: classAvg=12.30
2026-01-06 18:35:55 [INFO] Stats refresh: classAvg=12.30
2026-01-06 18:35:56 [INFO] Stats refresh: classAvg=12.30
2026-01-06 18:35:57 [INFO] Stats refresh: classAvg=12.30
2026-01-06 18:35:58 [INFO] Stats refresh: classAvg=12.30
2026-01-06 18:35:59 [INFO] Stats refresh: classAvg=12.30
2026-01-06 18:36:00 [INFO] Stats refresh: classAvg=12.30
2026-01-06 18:36:01 [INFO] Stats refresh: classAvg=12.30
2026-01-06 18:36:02 [INFO] Stats refresh: classAvg=12.30
2026-01-06 18:36:03 [INFO] Stats refresh: classAvg=12.30
2026-01-06 18:36:04 [INFO] Stats refresh: classAvg=12.30
2026-01-06 18:36:05 [INFO] Stats refresh: classAvg=12.30
2026-01-06 18:36:06 [INFO] Stats refresh: classAvg=12.30
2026-01-06 18:36:07 [INFO] Stats refresh: classAvg=12.30
2026-01-06 18:36:08 [INFO] Stats refresh: classAvg=12.30
2026-01-06 18:36:09 [INFO] Stats refresh: classAvg=12.30
2026-01-06 18:36:10 [INFO] Stats refresh: classAvg=12.30
2026-01-06 18:36:11 [INFO] Stats refresh: classAvg=12.30
2026-01-06 18:36:12 [INFO] Stats refresh: classAvg=12.30
2026-01-06 18:36:13 [INFO] Stats refresh: classAvg=12.30
2026-01-06 18:36:14 [INFO] Stats refresh: classAvg=12.30
2026-01-06 18:36:15 [INFO] Stats refresh: classAvg=12.30
2026-01-06 18:36:16 [INFO] Stats refresh: classAvg=12.30
2026-01-06 18:36:17 [INFO] Stats refresh: classAvg=12.30
2026-01-06 18:36:18 [INFO] Stats refresh: classAvg=12.30
2026-01-06 18:36:19 [INFO] Stats refresh: classAvg=12.30
2026-01-06 18:36:20 [INFO] Stats refresh: classAvg=12.30
2026-01-06 18:36:21 [INFO] Stats refresh: classAvg=12.30
2026-01-06 18:36:23 [INFO] Stats refresh: classAvg=12.30
2026-01-06 18:36:24 [INFO] Stats refresh: classAvg=12.30
2026-01-06 18:36:25 [INFO] Stats refresh: classAvg=12.30
2026-01-06 18:36:26 [INFO] Stats refresh: classAvg=12.30
2026-01-06 18:36:27 [INFO] Stats refresh: classAvg=12.30
2026-01-06 18:36:28 [INFO] Stats refresh: classAvg=12.30
2026-01-06 18:36:29 [INFO] Stats refresh: classAvg=12.30
2026-01-06 18:36:30 [INFO] Stats refresh: classAvg=12.30
2026-01-06 18:36:31 [INFO] Stats refresh: classAvg=12.30
2026-01-06 18:36:32 [INFO] Stats refresh: classAvg=12.30
2026-01-06 18:36:33 [INFO] Stats refresh: classAvg=12.30
2026-01-06 18:36:34 [INFO] Stats refresh: classAvg=12.30
2026-01-06 18:36:35 [INFO] Stats refresh: classAvg=12.30
2026-01-06 18:36:36 [INFO] Stats refresh: classAvg=12.30
2026-01-06 18:36:37 [INFO] Stats refresh: classAvg=12.30
2026-01-06 18:36:38 [INFO] Stats refresh: classAvg=12.30
2026-01-06 18:36:39 [INFO] Stats refresh: classAvg=12.30
2026-01-06 18:36:40 [INFO] Stats refresh: classAvg=12.30
2026-01-06 18:36:41 [INFO] Stats refresh: classAvg=12.30
2026-01-06 18:36:42 [INFO] Stats refresh: classAvg=12.30
2026-01-06 18:36:43 [INFO] Stats refresh: classAvg=12.30
2026-01-06 18:36:44 [INFO] Stats refresh: classAvg=12.30
2026-01-06 18:36:45 [INFO] Stats refresh: classAvg=12.30
2026-01-06 18:36:46 [INFO] Stats refresh: classAvg=12.30
2026-01-06 18:36:47 [INFO] Stats refresh: classAvg=12.30
2026-01-06 18:36:48 [INFO] Stats refresh: classAvg=12.30
2026-01-06 18:36:49 [INFO] Stats refresh: classAvg=12.30
2026-01-06 18:36:50 [INFO] Stats refresh: classAvg=12.30
2026-01-06 18:36:51 [INFO] Stats refresh: classAvg=12.30
2026-01-06 18:36:52 [INFO] Stats refresh: classAvg=12.30
2026-01-06 18:36:53 [INFO] Stats refresh: classAvg=12.30
2026-01-06 18:36:54 [INFO] Stats refresh: classAvg=12.30
2026-01-06 18:36:55 [INFO] Stats refresh: classAvg=12.30
2026-01-06 18:36:56 [INFO] Stats refresh: classAvg=12.30
2026-01-06 18:36:57 [INFO] Stats refresh: classAvg=12.30
2026-01-06 18:36:58 [INFO] Stats refresh: classAvg=12.30
2026-01-06 18:36:59 [INFO] Stats refresh: classAvg=12.30
2026-01-06 18:37:00 [INFO] Stats refresh: classAvg=12.30
2026-01-06 18:37:01 [INFO] Stats refresh: classAvg=12.30
2026-01-06 18:37:02 [INFO] Stats refresh: classAvg=12.30
2026-01-06 18:37:03 [INFO] Stats refresh: classAvg=12.30
2026-01-06 18:37:04 [INFO] Stats refresh: classAvg=12.30
2026-01-06 18:37:05 [INFO] Stats refresh: classAvg=12.30
2026-01-06 18:37:06 [INFO] Stats refresh: classAvg=12.30
2026-01-06 18:37:07 [INFO] Stats refresh: classAvg=12.30
2026-01-06 18:37:08 [INFO] Stats refresh: classAvg=12.30
2026-01-06 18:37:09 [INFO] Stats refresh: classAvg=12.30
2026-01-06 18:37:10 [INFO] Stats refresh: classAvg=12.30
2026-01-06 18:37:11 [INFO] Stats refresh: classAvg=12.30
2026-01-06 18:37:12 [INFO] Stats refresh: classAvg=12.30
2026-01-06 18:37:13 [INFO] Stats refresh: classAvg=12.30
2026-01-06 18:37:14 [INFO] Stats refresh: classAvg=12.30
2026-01-06 18:37:15 [INFO] Stats refresh: classAvg=12.30
2026-01-06 18:37:16 [INFO] Stats refresh: classAvg=12.30
2026-01-06 18:37:18 [INFO] Stats refresh: classAvg=12.30
2026-01-06 18:37:19 [INFO] Stats refresh: classAvg=12.30
2026-01-06 18:37:20 [INFO] Stats refresh: classAvg=12.30
2026-01-06 18:37:21 [INFO] Stats refresh: classAvg=12.30
2026-01-06 18:37:22 [INFO] Stats refresh: classAvg=12.30
2026-01-06 18:37:23 [INFO] Stats refresh: classAvg=12.30
2026-01-06 18:37:24 [INFO] Stats refresh: classAvg=12.30
2026-01-06 18:37:25 [INFO] Stats refresh: classAvg=12.30
2026-01-06 18:37:26 [INFO] Stats refresh: classAvg=12.30
2026-01-06 18:37:27 [INFO] Stats refresh: classAvg=12.30
2026-01-06 18:37:28 [INFO] Stats refresh: classAvg=12.30
2026-01-06 18:37:29 [INFO] Stats refresh: classAvg=12.30
2026-01-06 18:37:30 [INFO] Stats refresh: classAvg=12.30
2026-01-06 18:37:31 [INFO] Stats refresh: classAvg=12.30
2026-01-06 18:37:32 [INFO] Stats refresh: classAvg=12.30
2026-01-06 18:37:33 [INFO] Stats refresh: classAvg=12.30
2026-01-06 18:37:34 [INFO] Stats refresh: classAvg=12.30
2026-01-06 18:37:35 [INFO] Stats refresh: classAvg=12.30
2026-01-06 18:37:36 [INFO] Stats refresh: classAvg=12.30
2026-01-06 18:37:37 [INFO] Stats refresh: classAvg=12.30
2026-01-06 18:37:38 [INFO] Stats refresh: classAvg=12.30
2026-01-06 18:37:39 [INFO] Stats refresh: classAvg=12.30
2026-01-06 18:37:40 [INFO] Stats refresh: classAvg=12.30
2026-01-06 18:37:41 [INFO] Stats refresh: classAvg=12.30
2026-01-06 18:37:42 [INFO] Stats refresh: classAvg=12.30
2026-01-06 18:37:43 [INFO] Stats refresh: classAvg=12.30
2026-01-06 18:37:44 [INFO] Stats refresh: classAvg=12.30
2026-01-06 18:37:45 [INFO] Stats refresh: classAvg=12.30
2026-01-06 18:37:46 [INFO] Stats refresh: classAvg=12.30
2026-01-06 18:37:47 [INFO] Stats refresh: classAvg=12.30
2026-01-06 18:37:48 [INFO] Stats refresh: classAvg=12.30
2026-01-06 18:37:49 [INFO] Stats refresh: classAvg=12.30
2026-01-06 18:37:50 [INFO] Stats refresh: classAvg=12.30
2026-01-06 18:37:51 [INFO] Stats refresh: classAvg=12.30
2026-01-06 18:37:52 [INFO] Stats refresh: classAvg=12.30
2026-01-06 18:37:53 [INFO] Stats refresh: classAvg=12.30
2026-01-06 18:37:54 [INFO] Stats refresh: classAvg=12.30
2026-01-06 18:37:55 [INFO] Stats refresh: classAvg=12.30
2026-01-06 18:37:56 [INFO] Stats refresh: classAvg=12.30
2026-01-06 18:37:57 [INFO] Stats refresh: classAvg=12.30
2026-01-06 18:37:58 [INFO] Stats refresh: classAvg=12.30
2026-01-06 18:37:59 [INFO] Stats refresh: classAvg=12.30
2026-01-06 18:38:00 [INFO] Stats refresh: classAvg=12.30
2026-01-06 18:38:01 [INFO] Stats refresh: classAvg=12.30
2026-01-06 18:38:02 [INFO] Stats refresh: classAvg=12.30
2026-01-06 18:38:04 [INFO] Stats refresh: classAvg=12.30
2026-01-06 18:38:05 [INFO] Stats refresh: classAvg=12.30
2026-01-06 18:38:06 [INFO] Stats refresh: classAvg=12.30
2026-01-06 18:38:07 [INFO] Stats refresh: classAvg=12.30
2026-01-06 18:38:08 [INFO] Stats refresh: classAvg=12.30
2026-01-06 18:38:09 [INFO] Stats refresh: classAvg=12.30
2026-01-06 18:38:10 [INFO] Stats refresh: classAvg=12.30
2026-01-06 18:38:11 [INFO] Stats refresh: classAvg=12.30
2026-01-06 18:38:12 [INFO] Stats refresh: classAvg=12.30
2026-01-06 18:38:13 [INFO] Stats refresh: classAvg=12.30
2026-01-06 18:38:14 [INFO] Stats refresh: classAvg=12.30
2026-01-06 18:38:15 [INFO] Stats refresh: classAvg=12.30
2026-01-06 18:38:16 [INFO] Stats refresh: classAvg=12.30
2026-01-06 18:38:17 [INFO] Stats refresh: classAvg=12.30
2026-01-06 18:38:18 [INFO] Stats refresh: classAvg=12.30
2026-01-06 18:38:19 [INFO] Stats refresh: classAvg=12.30
2026-01-06 18:38:20 [INFO] Stats refresh: classAvg=12.30
2026-01-06 18:38:21 [INFO] Stats refresh: classAvg=12.30
2026-01-06 18:38:22 [INFO] Stats refresh: classAvg=12.30
2026-01-06 18:38:23 [INFO] Stats refresh: classAvg=12.30
2026-01-06 18:38:24 [INFO] Stats refresh: classAvg=12.30
2026-01-06 18:38:25 [INFO] Stats refresh: classAvg=12.30
2026-01-06 18:38:26 [INFO] Stats refresh: classAvg=12.30
2026-01-06 18:38:27 [INFO] Stats refresh: classAvg=12.30
2026-01-06 18:38:28 [INFO] Stats refresh: classAvg=12.30
2026-01-06 18:38:29 [INFO] Stats refresh: classAvg=12.30
2026-01-06 18:38:30 [INFO] Stats refresh: classAvg=12.30
2026-01-06 18:38:31 [INFO] Stats refresh: classAvg=12.30
2026-01-06 18:38:32 [INFO] Stats refresh: classAvg=12.30
2026-01-06 18:38:33 [INFO] Stats refresh: classAvg=12.30
2026-01-06 18:38:34 [INFO] Stats refresh: classAvg=12.30
2026-01-06 18:38:35 [INFO] Stats refresh: classAvg=12.30
2026-01-06 18:38:36 [INFO] Stats refresh: classAvg=12.30
2026-01-06 18:38:37 [INFO] Stats refresh: classAvg=12.30
2026-01-06 18:38:38 [INFO] Stats refresh: classAvg=12.30
2026-01-06 18:38:39 [INFO] Stats refresh: classAvg=12.30
2026-01-06 18:38:41 [INFO] Stats refresh: classAvg=12.30
2026-01-06 18:38:42 [INFO] Stats refresh: classAvg=12.30
2026-01-06 18:38:43 [INFO] Stats refresh: classAvg=12.30
2026-01-06 18:38:44 [INFO] Stats refresh: classAvg=12.30
2026-01-06 18:38:45 [INFO] Stats refresh: classAvg=12.30
2026-01-06 18:38:46 [INFO] Stats refresh: classAvg=12.30
2026-01-06 18:38:47 [INFO] Stats refresh: classAvg=12.30
2026-01-06 18:38:48 [INFO] Stats refresh: classAvg=12.30
2026-01-06 18:38:49 [INFO] Stats refresh: classAvg=12.30
2026-01-06 18:38:50 [INFO] Stats refresh: classAvg=12.30
2026-01-06 18:38:51 [INFO] Stats refresh: classAvg=12.30
2026-01-06 18:38:52 [INFO] Stats refresh: classAvg=12.30
2026-01-06 18:38:53 [INFO] Stats refresh: classAvg=12.30
2026-01-06 18:38:54 [INFO] Stats refresh: classAvg=12.30
2026-01-06 18:38:55 [INFO] Stats refresh: classAvg=12.30
2026-01-06 18:38:56 [INFO] Stats refresh: classAvg=12.30
2026-01-06 18:38:57 [INFO] Stats refresh: classAvg=12.30
2026-01-06 18:38:58 [INFO] Stats refresh: classAvg=12.30
2026-01-06 18:38:59 [INFO] Stats refresh: classAvg=12.30
2026-01-06 18:39:00 [INFO] Stats refresh: classAvg=12.30
2026-01-06 18:39:01 [INFO] Stats refresh: classAvg=12.30
2026-01-06 18:39:02 [INFO] Stats refresh: classAvg=12.30
2026-01-06 18:39:03 [INFO] Stats refresh: classAvg=12.30
2026-01-06 18:39:04 [INFO] Stats refresh: classAvg=12.30
2026-01-06 18:39:05 [INFO] Stats refresh: classAvg=12.30
2026-01-06 18:39:06 [INFO] Stats refresh: classAvg=12.30
2026-01-06 18:39:07 [INFO] Stats refresh: classAvg=12.30
2026-01-06 18:39:08 [INFO] Stats refresh: classAvg=12.30
2026-01-06 18:39:09 [INFO] Stats refresh: classAvg=12.30
2026-01-06 18:39:10 [INFO] Stats refresh: classAvg=12.30
2026-01-06 18:39:11 [INFO] Stats refresh: classAvg=12.30
2026-01-06 18:39:12 [INFO] Stats refresh: classAvg=12.30
2026-01-06 18:39:13 [INFO] Stats refresh: classAvg=12.30
2026-01-06 18:39:14 [INFO] Stats refresh: classAvg=12.30
2026-01-06 18:39:15 [INFO] Stats refresh: classAvg=12.30
2026-01-06 18:39:16 [INFO] Stats refresh: classAvg=12.30
2026-01-06 18:39:17 [INFO] Stats refresh: classAvg=12.30
2026-01-06 18:39:18 [INFO] Stats refresh: classAvg=12.30
2026-01-06 18:39:19 [INFO] Stats refresh: classAvg=12.30
2026-01-06 18:39:20 [INFO] Stats refresh: classAvg=12.30
2026-01-06 18:39:21 [INFO] Stats refresh: classAvg=12.30
2026-01-06 18:39:22 [INFO] Stats refresh: classAvg=12.30
2026-01-06 18:39:23 [INFO] Stats refresh: classAvg=12.30
2026-01-06 18:39:24 [INFO] Stats refresh: classAvg=12.30
2026-01-06 18:39:25 [INFO] Stats refresh: classAvg=12.30
2026-01-06 18:39:26 [INFO] Stats refresh: classAvg=12.30
2026-01-06 18:39:27 [INFO] Stats refresh: classAvg=12.30
2026-01-06 18:39:28 [INFO] Stats refresh: classAvg=12.30
2026-01-06 18:39:29 [INFO] Stats refresh: classAvg=12.30
2026-01-06 18:39:30 [INFO] Stats refresh: classAvg=12.30
2026-01-06 18:39:31 [INFO] Stats refresh: classAvg=12.30
2026-01-06 18:39:32 [INFO] Stats refresh: classAvg=12.30
2026-01-06 18:39:33 [INFO] Stats refresh: classAvg=12.30
2026-01-06 18:39:35 [INFO] Stats refresh: classAvg=12.30
2026-01-06 18:39:36 [INFO] Stats refresh: classAvg=12.30
2026-01-06 18:39:37 [INFO] Stats refresh: classAvg=12.30
2026-01-06 18:39:38 [INFO] Stats refresh: classAvg=12.30
2026-01-06 18:39:39 [INFO] Stats refresh: classAvg=12.30
2026-01-06 18:39:40 [INFO] Stats refresh: classAvg=12.30
2026-01-06 18:39:41 [INFO] Stats refresh: classAvg=12.30
2026-01-06 18:39:42 [INFO] Stats refresh: classAvg=12.30
2026-01-06 18:39:43 [INFO] Stats refresh: classAvg=12.30
2026-01-06 18:39:44 [INFO] Stats refresh: classAvg=12.30
2026-01-06 18:39:45 [INFO] Stats refresh: classAvg=12.30
2026-01-06 18:39:46 [INFO] Stats refresh: classAvg=12.30
2026-01-06 18:39:47 [INFO] Stats refresh: classAvg=12.30
2026-01-06 18:39:48 [INFO] Stats refresh: classAvg=12.30
2026-01-06 18:39:49 [INFO] Stats refresh: classAvg=12.30
2026-01-06 18:39:50 [INFO] Stats refresh: classAvg=12.30
2026-01-06 18:39:51 [INFO] Stats refresh: classAvg=12.30
2026-01-06 18:39:52 [INFO] Stats refresh: classAvg=12.30
2026-01-06 18:39:53 [INFO] Stats refresh: classAvg=12.30
2026-01-06 18:39:54 [INFO] Stats refresh: classAvg=12.30
2026-01-06 18:39:55 [INFO] Stats refresh: classAvg=12.30
2026-01-06 18:39:56 [INFO] Stats refresh: classAvg=12.30
2026-01-06 18:39:57 [INFO] Stats refresh: classAvg=12.30
2026-01-06 18:39:58 [INFO] Stats refresh: classAvg=12.30
2026-01-06 18:39:59 [INFO] Stats refresh: classAvg=12.30
2026-01-06 18:40:00 [INFO] Stats refresh: classAvg=12.30
2026-01-06 18:40:01 [INFO] Stats refresh: classAvg=12.30
2026-01-06 18:40:02 [INFO] Stats refresh: classAvg=12.30
2026-01-06 18:40:03 [INFO] Stats refresh: classAvg=12.30
2026-01-06 18:40:04 [INFO] Stats refresh: classAvg=12.30
2026-01-06 18:40:05 [INFO] Stats refresh: classAvg=12.30
2026-01-06 18:40:06 [INFO] Stats refresh: classAvg=12.30
2026-01-06 18:40:07 [INFO] Stats refresh: classAvg=12.30
2026-01-06 18:40:08 [INFO] Stats refresh: classAvg=12.30
2026-01-06 18:40:09 [INFO] Stats refresh: classAvg=12.30
2026-01-06 18:40:10 [INFO] Stats refresh: classAvg=12.30
2026-01-06 18:40:11 [INFO] Stats refresh: classAvg=12.30
2026-01-06 18:40:12 [INFO] Stats refresh: classAvg=12.30
2026-01-06 18:40:13 [INFO] Stats refresh: classAvg=12.30
2026-01-06 18:40:14 [INFO] Stats refresh: classAvg=12.30
2026-01-06 18:40:15 [INFO] Stats refresh: classAvg=12.30
2026-01-06 18:40:16 [INFO] Stats refresh: classAvg=12.30
2026-01-06 18:40:17 [INFO] Stats refresh: classAvg=12.30
2026-01-06 18:40:18 [INFO] Stats refresh: classAvg=12.30
2026-01-06 18:40:19 [INFO] Stats refresh: classAvg=12.30
2026-01-06 18:40:20 [INFO] Stats refresh: classAvg=12.30
2026-01-06 18:40:21 [INFO] Stats refresh: classAvg=12.30
2026-01-06 18:40:22 [INFO] Stats refresh: classAvg=12.30
2026-01-06 18:40:23 [INFO] Stats refresh: classAvg=12.30
2026-01-06 18:40:24 [INFO] Stats refresh: classAvg=12.30
2026-01-06 18:40:25 [INFO] Stats refresh: classAvg=12.30
2026-01-06 18:40:26 [INFO] Stats refresh: classAvg=12.30
2026-01-06 18:40:27 [INFO] Stats refresh: classAvg=12.30
2026-01-06 18:40:29 [INFO] Stats refresh: classAvg=12.30
2026-01-06 18:40:30 [INFO] Stats refresh: classAvg=12.30
2026-01-06 18:40:31 [INFO] Stats refresh: classAvg=12.30
2026-01-06 18:40:32 [INFO] Stats refresh: classAvg=12.30
2026-01-06 18:40:33 [INFO] Stats refresh: classAvg=12.30
2026-01-06 18:40:34 [INFO] Stats refresh: classAvg=12.30
2026-01-06 18:40:35 [INFO] Stats refresh: classAvg=12.30
2026-01-06 18:40:36 [INFO] Stats refresh: classAvg=12.30
2026-01-06 18:40:37 [INFO] Stats refresh: classAvg=12.30
2026-01-06 18:40:38 [INFO] Stats refresh: classAvg=12.30
2026-01-06 18:40:39 [INFO] Stats refresh: classAvg=12.30
2026-01-06 18:40:40 [INFO] Stats refresh: classAvg=12.30
2026-01-06 18:40:41 [INFO] Stats refresh: classAvg=12.30
2026-01-06 18:40:42 [INFO] Stats refresh: classAvg=12.30
2026-01-06 18:40:43 [INFO] Stats refresh: classAvg=12.30
2026-01-06 18:40:44 [INFO] Stats refresh: classAvg=12.30
2026-01-06 18:40:45 [INFO] Stats refresh: classAvg=12.30
2026-01-06 18:40:46 [INFO] Stats refresh: classAvg=12.30
2026-01-06 18:40:47 [INFO] Stats refresh: classAvg=12.30
2026-01-06 18:40:48 [INFO] Stats refresh: classAvg=12.30
2026-01-06 18:40:49 [INFO] Stats refresh: classAvg=12.30
2026-01-06 18:40:50 [INFO] Stats refresh: classAvg=12.30
2026-01-06 18:40:51 [INFO] Stats refresh: classAvg=12.30
2026-01-06 18:40:52 [INFO] Stats refresh: classAvg=12.30
2026-01-06 18:40:53 [INFO] Stats refresh: classAvg=12.30
2026-01-06 18:40:54 [INFO] Stats refresh: classAvg=12.30
2026-01-06 18:40:55 [INFO] Stats refresh: classAvg=12.30
2026-01-06 18:40:56 [INFO] Stats refresh: classAvg=12.30
2026-01-06 18:40:57 [INFO] Stats refresh: classAvg=12.30
2026-01-06 18:40:58 [INFO] Stats refresh: classAvg=12.30
2026-01-06 18:40:59 [INFO] Stats refresh: classAvg=12.30
2026-01-06 18:41:00 [INFO] Stats refresh: classAvg=12.30
2026-01-06 18:41:01 [INFO] Stats refresh: classAvg=12.30
2026-01-06 18:41:02 [INFO] Stats refresh: classAvg=12.30
2026-01-06 18:41:03 [INFO] Stats refresh: classAvg=12.30
2026-01-06 18:41:04 [INFO] Stats refresh: classAvg=12.30
2026-01-06 18:41:05 [INFO] Stats refresh: classAvg=12.30
2026-01-06 18:41:06 [INFO] Stats refresh: classAvg=12.30
2026-01-06 18:41:07 [INFO] Stats refresh: classAvg=12.30
2026-01-06 18:41:08 [INFO] Stats refresh: classAvg=12.30
2026-01-06 18:41:09 [INFO] Stats refresh: classAvg=12.30
2026-01-06 18:41:11 [INFO] Stats refresh: classAvg=12.30
2026-01-06 18:41:12 [INFO] Stats refresh: classAvg=12.30
2026-01-06 18:41:13 [INFO] Stats refresh: classAvg=12.30
2026-01-06 18:41:14 [INFO] Stats refresh: classAvg=12.30
2026-01-06 18:41:15 [INFO] Stats refresh: classAvg=12.30
2026-01-06 18:41:16 [INFO] Stats refresh: classAvg=12.30
2026-01-06 18:41:17 [INFO] Stats refresh: classAvg=12.30
2026-01-06 18:41:18 [INFO] Stats refresh: classAvg=12.30
2026-01-06 18:41:19 [INFO] Stats refresh: classAvg=12.30
2026-01-06 18:41:20 [INFO] Stats refresh: classAvg=12.30
2026-01-06 18:41:21 [INFO] Stats refresh: classAvg=12.30
2026-01-06 18:41:22 [INFO] Stats refresh: classAvg=12.30
2026-01-06 18:41:23 [INFO] Stats refresh: classAvg=12.30
2026-01-06 18:41:24 [INFO] Stats refresh: classAvg=12.30
2026-01-06 18:41:25 [INFO] Stats refresh: classAvg=12.30
2026-01-06 18:41:26 [INFO] Stats refresh: classAvg=12.30
2026-01-06 18:41:27 [INFO] Stats refresh: classAvg=12.30
2026-01-06 18:41:28 [INFO] Stats refresh: classAvg=12.30
2026-01-06 18:41:29 [INFO] Stats refresh: classAvg=12.30
2026-01-06 18:41:30 [INFO] Stats refresh: classAvg=12.30
2026-01-06 18:41:31 [INFO] Stats refresh: classAvg=12.30
2026-01-06 18:41:32 [INFO] Stats refresh: classAvg=12.30
2026-01-06 18:41:33 [INFO] Stats refresh: classAvg=12.30
2026-01-06 18:41:34 [INFO] Stats refresh: classAvg=12.30
2026-01-06 18:41:35 [INFO] Stats refresh: classAvg=12.30
2026-01-06 18:41:36 [INFO] Stats refresh: classAvg=12.30
2026-01-06 18:41:37 [INFO] Stats refresh: classAvg=12.30
2026-01-06 18:41:38 [INFO] Stats refresh: classAvg=12.30
2026-01-06 18:41:39 [INFO] Stats refresh: classAvg=12.30
2026-01-06 18:41:40 [INFO] Stats refresh: classAvg=12.30
2026-01-06 18:41:41 [INFO] Stats refresh: classAvg=12.30
2026-01-06 18:41:42 [INFO] Stats refresh: classAvg=12.30
2026-01-06 18:41:43 [INFO] Stats refresh: classAvg=12.30
2026-01-06 18:41:44 [INFO] Stats refresh: classAvg=12.30
2026-01-06 18:41:46 [INFO] Stats refresh: classAvg=12.30
2026-01-06 18:41:47 [INFO] Stats refresh: classAvg=12.30
2026-01-06 18:41:48 [INFO] Stats refresh: classAvg=12.30
2026-01-06 18:41:49 [INFO] Stats refresh: classAvg=12.30
2026-01-06 18:41:50 [INFO] Stats refresh: classAvg=12.30
2026-01-06 18:41:51 [INFO] Stats refresh: classAvg=12.30
2026-01-06 18:41:52 [INFO] Stats refresh: classAvg=12.30
2026-01-06 18:41:53 [INFO] Stats refresh: classAvg=12.30
2026-01-06 18:41:54 [INFO] Stats refresh: classAvg=12.30
2026-01-06 18:41:55 [INFO] Stats refresh: classAvg=12.30
2026-01-06 18:41:56 [INFO] Stats refresh: classAvg=12.30
2026-01-06 18:41:57 [INFO] Stats refresh: classAvg=12.30
2026-01-06 18:41:58 [INFO] Stats refresh: classAvg=12.30
2026-01-06 18:41:59 [INFO] Stats refresh: classAvg=12.30
2026-01-06 18:42:00 [INFO] Stats refresh: classAvg=12.30
2026-01-06 18:42:01 [INFO] Stats refresh: classAvg=12.30
2026-01-06 18:42:02 [INFO] Stats refresh: classAvg=12.30
2026-01-06 18:42:03 [INFO] Stats refresh: classAvg=12.30
2026-01-06 18:42:04 [INFO] Stats refresh: classAvg=12.30
2026-01-06 18:42:05 [INFO] Stats refresh: classAvg=12.30
2026-01-06 18:42:06 [INFO] Stats refresh: classAvg=12.30
2026-01-06 18:42:07 [INFO] Stats refresh: classAvg=12.30
2026-01-06 18:42:08 [INFO] Stats refresh: classAvg=12.30
2026-01-06 18:42:09 [INFO] Stats refresh: classAvg=12.30
2026-01-06 18:42:10 [INFO] Stats refresh: classAvg=12.30
2026-01-06 18:42:11 [INFO] Stats refresh: classAvg=12.30
2026-01-06 18:42:12 [INFO] Stats refresh: classAvg=12.30
2026-01-06 18:42:14 [INFO] Stats refresh: classAvg=12.30
2026-01-06 18:42:15 [INFO] Stats refresh: classAvg=12.30
2026-01-06 18:42:16 [INFO] Stats refresh: classAvg=12.30
2026-01-06 18:42:17 [INFO] Stats refresh: classAvg=12.30
2026-01-06 18:42:18 [INFO] Stats refresh: classAvg=12.30
2026-01-06 18:42:19 [INFO] Stats refresh: classAvg=12.30
2026-01-06 18:42:20 [INFO] Stats refresh: classAvg=12.30
2026-01-06 18:42:21 [INFO] Stats refresh: classAvg=12.30
2026-01-06 18:42:22 [INFO] Stats refresh: classAvg=12.30
2026-01-06 18:42:23 [INFO] Stats refresh: classAvg=12.30
2026-01-06 18:42:24 [INFO] Stats refresh: classAvg=12.30
2026-01-06 18:42:25 [INFO] Stats refresh: classAvg=12.30
2026-01-06 18:42:26 [INFO] Stats refresh: classAvg=12.30
2026-01-06 18:42:27 [INFO] Stats refresh: classAvg=12.30
2026-01-06 18:42:28 [INFO] Stats refresh: classAvg=12.30
2026-01-06 18:42:29 [INFO] Stats refresh: classAvg=12.30
2026-01-06 18:42:30 [INFO] Stats refresh: classAvg=12.30
2026-01-06 18:42:31 [INFO] Stats refresh: classAvg=12.30
2026-01-06 18:42:32 [INFO] Stats refresh: classAvg=12.30
2026-01-06 18:42:34 [INFO] Stats refresh: classAvg=12.30
2026-01-06 18:42:35 [INFO] Stats refresh: classAvg=12.30
2026-01-06 18:42:36 [INFO] Stats refresh: classAvg=12.30
2026-01-06 18:42:37 [INFO] Stats refresh: classAvg=12.30
2026-01-06 18:42:38 [INFO] Stats refresh: classAvg=12.30
2026-01-06 18:42:39 [INFO] Stats refresh: classAvg=12.30
2026-01-06 18:42:40 [INFO] Stats refresh: classAvg=12.30
2026-01-06 18:42:41 [INFO] Stats refresh: classAvg=12.30
2026-01-06 18:42:42 [INFO] Stats refresh: classAvg=12.30
2026-01-06 18:42:43 [INFO] Stats refresh: classAvg=12.30
2026-01-06 18:42:44 [INFO] Stats refresh: classAvg=12.30
2026-01-06 18:42:45 [INFO] Stats refresh: classAvg=12.30
2026-01-06 18:42:46 [INFO] Stats refresh: classAvg=12.30
2026-01-06 18:42:47 [INFO] Stats refresh: classAvg=12.30
2026-01-06 18:42:48 [INFO] Stats refresh: classAvg=12.30
2026-01-06 18:42:49 [INFO] Stats refresh: classAvg=12.30
2026-01-06 18:42:50 [INFO] Stats refresh: classAvg=12.30
2026-01-06 18:42:51 [INFO] Stats refresh: classAvg=12.30
2026-01-06 18:42:52 [INFO] Stats refresh: classAvg=12.30
2026-01-06 18:42:53 [INFO] Stats refresh: classAvg=12.30
2026-01-06 18:42:54 [INFO] Stats refresh: classAvg=12.30
2026-01-06 18:42:55 [INFO] Stats refresh: classAvg=12.30
2026-01-06 18:42:56 [INFO] Stats refresh: classAvg=12.30
2026-01-06 18:42:57 [INFO] Stats refresh: classAvg=12.30
2026-01-06 18:42:58 [INFO] Stats refresh: classAvg=12.30
2026-01-06 18:42:59 [INFO] Stats refresh: classAvg=12.30
2026-01-06 18:43:00 [INFO] Stats refresh: classAvg=12.30
2026-01-06 18:43:01 [INFO] Stats refresh: classAvg=12.30
2026-01-06 18:43:02 [INFO] Stats refresh: classAvg=12.30
2026-01-06 18:43:03 [INFO] Stats refresh: classAvg=12.30
2026-01-06 18:43:04 [INFO] Stats refresh: classAvg=12.30
2026-01-06 18:43:05 [INFO] Stats refresh: classAvg=12.30
2026-01-06 18:43:06 [INFO] Stats refresh: classAvg=12.30
2026-01-06 18:43:07 [INFO] Stats refresh: classAvg=12.30
2026-01-06 18:43:08 [INFO] Stats refresh: classAvg=12.30
2026-01-06 18:43:09 [INFO] Stats refresh: classAvg=12.30
2026-01-06 18:43:10 [INFO] Stats refresh: classAvg=12.30
2026-01-06 18:43:11 [INFO] Stats refresh: classAvg=12.30
2026-01-06 18:43:12 [INFO] Stats refresh: classAvg=12.30
2026-01-06 18:43:13 [INFO] Stats refresh: classAvg=12.30
2026-01-06 18:43:14 [INFO] Stats refresh: classAvg=12.30
2026-01-06 18:43:15 [INFO] Stats refresh: classAvg=12.30
2026-01-06 18:43:16 [INFO] Stats refresh: classAvg=12.30
2026-01-06 18:43:18 [INFO] Stats refresh: classAvg=12.30
2026-01-06 18:43:19 [INFO] Stats refresh: classAvg=12.30
2026-01-06 18:43:20 [INFO] Stats refresh: classAvg=12.30
2026-01-06 18:43:21 [INFO] Stats refresh: classAvg=12.30
2026-01-06 18:43:22 [INFO] Stats refresh: classAvg=12.30
2026-01-06 18:43:23 [INFO] Stats refresh: classAvg=12.30
2026-01-06 18:43:24 [INFO] Stats refresh: classAvg=12.30
2026-01-06 18:43:25 [INFO] Stats refresh: classAvg=12.30
2026-01-06 18:43:26 [INFO] Stats refresh: classAvg=12.30
2026-01-06 18:43:27 [INFO] Stats refresh: classAvg=12.30
2026-01-06 18:43:28 [INFO] Stats refresh: classAvg=12.30
2026-01-06 18:43:29 [INFO] Stats refresh: classAvg=12.30
2026-01-06 18:43:30 [INFO] Stats refresh: classAvg=12.30
2026-01-06 18:43:31 [INFO] Stats refresh: classAvg=12.30
2026-01-06 18:43:32 [INFO] Stats refresh: classAvg=12.30
2026-01-06 18:43:33 [INFO] Stats refresh: classAvg=12.30
2026-01-06 18:43:34 [INFO] Stats refresh: classAvg=12.30
2026-01-06 18:43:35 [INFO] Stats refresh: classAvg=12.30
2026-01-06 18:43:36 [INFO] Stats refresh: classAvg=12.30
2026-01-06 18:43:37 [INFO] Stats refresh: classAvg=12.30
2026-01-06 18:43:38 [INFO] Stats refresh: classAvg=12.30
2026-01-06 18:43:39 [INFO] Stats refresh: classAvg=12.30
2026-01-06 18:43:40 [INFO] Stats refresh: classAvg=12.30
2026-01-06 18:43:41 [INFO] Stats refresh: classAvg=12.30
2026-01-06 18:43:42 [INFO] Stats refresh: classAvg=12.30
2026-01-06 18:43:43 [INFO] Stats refresh: classAvg=12.30
2026-01-06 18:43:44 [INFO] Stats refresh: classAvg=12.30
2026-01-06 18:43:45 [INFO] Stats refresh: classAvg=12.30
2026-01-06 18:43:46 [INFO] Stats refresh: classAvg=12.30
2026-01-06 18:43:47 [INFO] Stats refresh: classAvg=12.30
2026-01-06 18:43:48 [INFO] Stats refresh: classAvg=12.30
2026-01-06 18:43:49 [INFO] Stats refresh: classAvg=12.30
2026-01-06 18:43:50 [INFO] Stats refresh: classAvg=12.30
2026-01-06 18:43:51 [INFO] Stats refresh: classAvg=12.30
2026-01-06 18:43:53 [INFO] Stats refresh: classAvg=12.30
2026-01-06 18:43:54 [INFO] Stats refresh: classAvg=12.30
2026-01-06 18:43:55 [INFO] Stats refresh: classAvg=12.30
2026-01-06 18:43:56 [INFO] Stats refresh: classAvg=12.30
2026-01-06 18:43:57 [INFO] Stats refresh: classAvg=12.30
2026-01-06 18:43:58 [INFO] Stats refresh: classAvg=12.30
2026-01-06 18:43:59 [INFO] Stats refresh: classAvg=12.30
2026-01-06 18:44:00 [INFO] Stats refresh: classAvg=12.30
2026-01-06 18:44:01 [INFO] Stats refresh: classAvg=12.30
2026-01-06 18:44:02 [INFO] Stats refresh: classAvg=12.30
2026-01-06 18:44:03 [INFO] Stats refresh: classAvg=12.30
2026-01-06 18:44:04 [INFO] Stats refresh: classAvg=12.30
2026-01-06 18:44:05 [INFO] Stats refresh: classAvg=12.30
2026-01-06 18:44:06 [INFO] Stats refresh: classAvg=12.30
2026-01-06 18:44:07 [INFO] Stats refresh: classAvg=12.30
2026-01-06 18:44:08 [INFO] Stats refresh: classAvg=12.30
2026-01-06 18:44:09 [INFO] Stats refresh: classAvg=12.30
2026-01-06 18:44:10 [INFO] Stats refresh: classAvg=12.30
2026-01-06 18:44:11 [INFO] Stats refresh: classAvg=12.30
2026-01-06 18:44:12 [INFO] Stats refresh: classAvg=12.30
2026-01-06 18:44:13 [INFO] Stats refresh: classAvg=12.30
2026-01-06 18:44:14 [INFO] Stats refresh: classAvg=12.30
2026-01-06 18:44:15 [INFO] Stats refresh: classAvg=12.30
2026-01-06 18:44:16 [INFO] Stats refresh: classAvg=12.30
2026-01-06 18:44:17 [INFO] Stats refresh: classAvg=12.30
2026-01-06 18:44:18 [INFO] Stats refresh: classAvg=12.30
2026-01-06 18:44:19 [INFO] Stats refresh: classAvg=12.30
2026-01-06 18:44:20 [INFO] Stats refresh: classAvg=12.30
2026-01-06 18:44:21 [INFO] Stats refresh: classAvg=12.30
2026-01-06 18:44:22 [INFO] Stats refresh: classAvg=12.30
2026-01-06 18:44:23 [INFO] Stats refresh: classAvg=12.30
2026-01-06 18:44:24 [INFO] Stats refresh: classAvg=12.30
2026-01-06 18:44:25 [INFO] Stats refresh: classAvg=12.30
2026-01-06 18:44:26 [INFO] Stats refresh: classAvg=12.30
2026-01-06 18:44:27 [INFO] Stats refresh: classAvg=12.30
2026-01-06 18:44:28 [INFO] Stats refresh: classAvg=12.30
2026-01-06 18:44:29 [INFO] Stats refresh: classAvg=12.30
2026-01-06 18:44:30 [INFO] Stats refresh: classAvg=12.30
2026-01-06 18:44:31 [INFO] Stats refresh: classAvg=12.30
2026-01-06 18:44:32 [INFO] Stats refresh: classAvg=12.30
2026-01-06 18:44:34 [INFO] Stats refresh: classAvg=12.30
2026-01-06 18:44:35 [INFO] Stats refresh: classAvg=12.30
2026-01-06 18:44:36 [INFO] Stats refresh: classAvg=12.30
2026-01-06 18:44:37 [INFO] Stats refresh: classAvg=12.30
2026-01-06 18:44:38 [INFO] Stats refresh: classAvg=12.30
2026-01-06 18:44:39 [INFO] Stats refresh: classAvg=12.30
2026-01-06 18:44:40 [INFO] Stats refresh: classAvg=12.30
2026-01-06 18:44:41 [INFO] Stats refresh: classAvg=12.30
2026-01-06 18:44:42 [INFO] Stats refresh: classAvg=12.30
2026-01-06 18:44:43 [INFO] Stats refresh: classAvg=12.30
2026-01-06 18:44:44 [INFO] Stats refresh: classAvg=12.30
2026-01-06 18:44:45 [INFO] Stats refresh: classAvg=12.30
2026-01-06 18:44:46 [INFO] Stats refresh: classAvg=12.30
2026-01-06 18:44:47 [INFO] Stats refresh: classAvg=12.30
2026-01-06 18:44:48 [INFO] Stats refresh: classAvg=12.30
2026-01-06 18:44:49 [INFO] Stats refresh: classAvg=12.30
2026-01-06 18:44:50 [INFO] Stats refresh: classAvg=12.30
2026-01-06 18:44:51 [INFO] Stats refresh: classAvg=12.30
2026-01-06 18:44:52 [INFO] Stats refresh: classAvg=12.30
2026-01-06 18:44:53 [INFO] Stats refresh: classAvg=12.30
2026-01-06 18:44:54 [INFO] Stats refresh: classAvg=12.30
2026-01-06 18:44:55 [INFO] Stats refresh: classAvg=12.30
2026-01-06 18:44:56 [INFO] Stats refresh: classAvg=12.30
2026-01-06 18:44:57 [INFO] Stats refresh: classAvg=12.30
2026-01-06 18:44:58 [INFO] Stats refresh: classAvg=12.30
2026-01-06 18:44:59 [INFO] Stats refresh: classAvg=12.30
2026-01-06 18:45:00 [INFO] Stats refresh: classAvg=12.30
2026-01-06 18:45:01 [INFO] Stats refresh: classAvg=12.30
2026-01-06 18:45:02 [INFO] Stats refresh: classAvg=12.30
2026-01-06 18:45:03 [INFO] Stats refresh: classAvg=12.30
2026-01-06 18:45:04 [INFO] Stats refresh: classAvg=12.30
2026-01-06 18:45:05 [INFO] Stats refresh: classAvg=12.30
2026-01-06 18:45:06 [INFO] Stats refresh: classAvg=12.30
2026-01-06 18:45:07 [INFO] Stats refresh: classAvg=12.30
2026-01-06 18:45:08 [INFO] Stats refresh: classAvg=12.30
2026-01-06 18:45:09 [INFO] Stats refresh: classAvg=12.30
2026-01-06 18:45:10 [INFO] Stats refresh: classAvg=12.30
2026-01-06 18:45:11 [INFO] Stats refresh: classAvg=12.30
2026-01-06 18:45:12 [INFO] Stats refresh: classAvg=12.30
2026-01-06 18:45:13 [INFO] Stats refresh: classAvg=12.30
2026-01-06 18:45:14 [INFO] Stats refresh: classAvg=12.30
2026-01-06 18:45:15 [INFO] Stats refresh: classAvg=12.30
2026-01-06 18:45:16 [INFO] Stats refresh: classAvg=12.30
2026-01-06 18:45:17 [INFO] Stats refresh: classAvg=12.30
2026-01-06 18:45:18 [INFO] Stats refresh: classAvg=12.30
2026-01-06 18:45:19 [INFO] Stats refresh: classAvg=12.30
2026-01-06 18:45:20 [INFO] Stats refresh: classAvg=12.30
2026-01-06 18:45:21 [INFO] Stats refresh: classAvg=12.30
2026-01-06 18:45:22 [INFO] Stats refresh: classAvg=12.30
2026-01-06 18:45:23 [INFO] Stats refresh: classAvg=12.30
2026-01-06 18:45:24 [INFO] Stats refresh: classAvg=12.30
2026-01-06 18:45:25 [INFO] Stats refresh: classAvg=12.30
2026-01-06 18:45:26 [INFO] Stats refresh: classAvg=12.30
2026-01-06 18:45:28 [INFO] Stats refresh: classAvg=12.30
2026-01-06 18:45:29 [INFO] Stats refresh: classAvg=12.30
2026-01-06 18:45:30 [INFO] Stats refresh: classAvg=12.30
2026-01-06 18:45:31 [INFO] Stats refresh: classAvg=12.30
2026-01-06 18:45:32 [INFO] Stats refresh: classAvg=12.30
2026-01-06 18:45:33 [INFO] Stats refresh: classAvg=12.30
2026-01-06 18:45:34 [INFO] Stats refresh: classAvg=12.30
2026-01-06 18:45:35 [INFO] Stats refresh: classAvg=12.30
2026-01-06 18:45:36 [INFO] Stats refresh: classAvg=12.30
2026-01-06 18:45:37 [INFO] Stats refresh: classAvg=12.30
2026-01-06 18:45:38 [INFO] Stats refresh: classAvg=12.30
2026-01-06 18:45:39 [INFO] Stats refresh: classAvg=12.30
2026-01-06 18:45:40 [INFO] Stats refresh: classAvg=12.30
2026-01-06 18:45:41 [INFO] Stats refresh: classAvg=12.30
2026-01-06 18:45:42 [INFO] Stats refresh: classAvg=12.30
2026-01-06 18:45:43 [INFO] Stats refresh: classAvg=12.30
2026-01-06 18:45:44 [INFO] Stats refresh: classAvg=12.30
2026-01-06 18:45:45 [INFO] Stats refresh: classAvg=12.30
2026-01-06 18:45:46 [INFO] Stats refresh: classAvg=12.30
2026-01-06 18:45:47 [INFO] Stats refresh: classAvg=12.30
2026-01-06 18:45:48 [INFO] Stats refresh: classAvg=12.30
2026-01-06 18:45:49 [INFO] Stats refresh: classAvg=12.30
2026-01-06 18:45:50 [INFO] Stats refresh: classAvg=12.30
2026-01-06 18:45:51 [INFO] Stats refresh: classAvg=12.30
2026-01-06 18:45:52 [INFO] Stats refresh: classAvg=12.30
2026-01-06 18:45:53 [INFO] Stats refresh: classAvg=12.30
2026-01-06 18:45:54 [INFO] Stats refresh: classAvg=12.30
2026-01-06 18:45:55 [INFO] Stats refresh: classAvg=12.30
2026-01-06 18:45:56 [INFO] Stats refresh: classAvg=12.30
2026-01-06 18:45:57 [INFO] Stats refresh: classAvg=12.30
2026-01-06 18:45:58 [INFO] Stats refresh: classAvg=12.30
2026-01-06 18:45:59 [INFO] Stats refresh: classAvg=12.30
2026-01-06 18:46:00 [INFO] Stats refresh: classAvg=12.30
2026-01-06 18:46:01 [INFO] Stats refresh: classAvg=12.30
2026-01-06 18:46:02 [INFO] Stats refresh: classAvg=12.30
2026-01-06 18:46:03 [INFO] Stats refresh: classAvg=12.30
2026-01-06 18:46:04 [INFO] Stats refresh: classAvg=12.30
2026-01-06 18:46:05 [INFO] Stats refresh: classAvg=12.30
2026-01-06 18:46:06 [INFO] Stats refresh: classAvg=12.30
2026-01-06 18:46:07 [INFO] Stats refresh: classAvg=12.30
2026-01-06 18:46:08 [INFO] Stats refresh: classAvg=12.30
2026-01-06 18:46:09 [INFO] Stats refresh: classAvg=12.30
2026-01-06 18:46:10 [INFO] Stats refresh: classAvg=12.30
2026-01-06 18:46:11 [INFO] Stats refresh: classAvg=12.30
2026-01-06 18:46:12 [INFO] Stats refresh: classAvg=12.30
2026-01-06 18:46:13 [INFO] Stats refresh: classAvg=12.30
2026-01-06 18:46:14 [INFO] Stats refresh: classAvg=12.30
2026-01-06 18:46:15 [INFO] Stats refresh: classAvg=12.30
2026-01-06 18:46:16 [INFO] Stats refresh: classAvg=12.30
2026-01-06 18:46:17 [INFO] Stats refresh: classAvg=12.30
2026-01-06 18:46:18 [INFO] Stats refresh: classAvg=12.30
2026-01-06 18:46:19 [INFO] Stats refresh: classAvg=12.30
2026-01-06 18:46:20 [INFO] Stats refresh: classAvg=12.30
2026-01-06 18:46:22 [INFO] Stats refresh: classAvg=12.30
2026-01-06 18:46:23 [INFO] Stats refresh: classAvg=12.30
2026-01-06 18:46:24 [INFO] Stats refresh: classAvg=12.30
2026-01-06 18:46:25 [INFO] Stats refresh: classAvg=12.30
2026-01-06 18:46:26 [INFO] Stats refresh: classAvg=12.30
2026-01-06 18:46:27 [INFO] Stats refresh: classAvg=12.30
2026-01-06 18:46:28 [INFO] Stats refresh: classAvg=12.30
2026-01-06 18:46:29 [INFO] Stats refresh: classAvg=12.30
2026-01-06 18:46:30 [INFO] Stats refresh: classAvg=12.30
2026-01-06 18:46:31 [INFO] Stats refresh: classAvg=12.30
2026-01-06 18:46:32 [INFO] Stats refresh: classAvg=12.30
2026-01-06 18:46:33 [INFO] Stats refresh: classAvg=12.30
2026-01-06 18:46:34 [INFO] Stats refresh: classAvg=12.30
2026-01-06 18:46:35 [INFO] Stats refresh: classAvg=12.30
2026-01-06 18:46:36 [INFO] Stats refresh: classAvg=12.30
2026-01-06 18:46:37 [INFO] Stats refresh: classAvg=12.30
2026-01-06 18:46:38 [INFO] Stats refresh: classAvg=12.30
2026-01-06 18:46:39 [INFO] Stats refresh: classAvg=12.30
2026-01-06 18:46:40 [INFO] Stats refresh: classAvg=12.30
2026-01-06 18:46:42 [INFO] Stats refresh: classAvg=12.30
2026-01-06 18:46:43 [INFO] Stats refresh: classAvg=12.30
2026-01-06 18:46:44 [INFO] Stats refresh: classAvg=12.30
2026-01-06 18:46:45 [INFO] Stats refresh: classAvg=12.30
2026-01-06 18:46:47 [INFO] Stats refresh: classAvg=12.30
2026-01-06 18:46:48 [INFO] Stats refresh: classAvg=12.30
2026-01-06 18:46:49 [INFO] Stats refresh: classAvg=12.30
2026-01-06 18:46:50 [INFO] Stats refresh: classAvg=12.30
2026-01-06 18:46:51 [INFO] Stats refresh: classAvg=12.30
2026-01-06 18:46:52 [INFO] Stats refresh: classAvg=12.30
2026-01-06 18:46:53 [INFO] Stats refresh: classAvg=12.30
2026-01-06 18:46:55 [INFO] Stats refresh: classAvg=12.30
2026-01-06 18:46:56 [INFO] Stats refresh: classAvg=12.30
2026-01-06 18:46:57 [INFO] Stats refresh: classAvg=12.30
2026-01-06 18:46:58 [INFO] Stats refresh: classAvg=12.30
2026-01-06 18:46:59 [INFO] Stats refresh: classAvg=12.30
2026-01-06 18:47:00 [INFO] Stats refresh: classAvg=12.30
2026-01-06 18:47:01 [INFO] Stats refresh: classAvg=12.30
2026-01-06 18:47:02 [INFO] Stats refresh: classAvg=12.30
2026-01-06 18:47:03 [INFO] Stats refresh: classAvg=12.30
2026-01-06 18:47:04 [INFO] Stats refresh: classAvg=12.30
2026-01-06 18:47:05 [INFO] Stats refresh: classAvg=12.30
2026-01-06 18:47:06 [INFO] Stats refresh: classAvg=12.30
2026-01-06 18:47:07 [INFO] Stats refresh: classAvg=12.30
2026-01-06 18:47:08 [INFO] Stats refresh: classAvg=12.30
2026-01-06 18:47:09 [INFO] Stats refresh: classAvg=12.30
2026-01-06 18:47:10 [INFO] Stats refresh: classAvg=12.30
2026-01-06 18:47:12 [INFO] Stats refresh: classAvg=12.30
2026-01-06 18:47:13 [INFO] Stats refresh: classAvg=12.30
2026-01-06 18:47:14 [INFO] Stats refresh: classAvg=12.30
2026-01-06 18:47:15 [INFO] Stats refresh: classAvg=12.30
2026-01-06 18:47:16 [INFO] Stats refresh: classAvg=12.30
2026-01-06 18:47:17 [INFO] Stats refresh: classAvg=12.30
2026-01-06 18:47:19 [INFO] Stats refresh: classAvg=12.30
2026-01-06 18:47:20 [INFO] Stats refresh: classAvg=12.30
2026-01-06 18:47:21 [INFO] Stats refresh: classAvg=12.30
2026-01-06 18:47:22 [INFO] Stats refresh: classAvg=12.30
2026-01-06 18:47:23 [INFO] Stats refresh: classAvg=12.30
2026-01-06 18:47:25 [INFO] Stats refresh: classAvg=12.30
2026-01-06 18:47:27 [INFO] Stats refresh: classAvg=12.30
2026-01-06 18:47:28 [INFO] Stats refresh: classAvg=12.30
2026-01-06 18:47:29 [INFO] Stats refresh: classAvg=12.30
2026-01-06 18:47:30 [INFO] Stats refresh: classAvg=12.30
2026-01-06 18:47:31 [INFO] Stats refresh: classAvg=12.30
2026-01-06 18:47:32 [INFO] Stats refresh: classAvg=12.30
2026-01-06 18:47:34 [INFO] Stats refresh: classAvg=12.30
2026-01-06 18:47:35 [INFO] Stats refresh: classAvg=12.30
2026-01-06 18:47:36 [INFO] Stats refresh: classAvg=12.30
2026-01-06 18:47:38 [INFO] Stats refresh: classAvg=12.30
2026-01-06 18:47:40 [INFO] Stats refresh: classAvg=12.30
2026-01-06 18:47:41 [INFO] Stats refresh: classAvg=12.30
2026-01-06 18:47:42 [INFO] Stats refresh: classAvg=12.30
2026-01-06 18:47:43 [INFO] Stats refresh: classAvg=12.30
2026-01-06 18:47:44 [INFO] Stats refresh: classAvg=12.30
2026-01-06 18:47:45 [INFO] Stats refresh: classAvg=12.30
2026-01-06 18:47:46 [INFO] Stats refresh: classAvg=12.30
2026-01-06 18:47:47 [INFO] Stats refresh: classAvg=12.30
2026-01-06 18:47:48 [INFO] Stats refresh: classAvg=12.30
2026-01-06 18:47:49 [INFO] Stats refresh: classAvg=12.30
2026-01-06 18:47:50 [INFO] Stats refresh: classAvg=12.30
2026-01-06 18:47:51 [INFO] Stats refresh: classAvg=12.30
2026-01-06 18:47:52 [INFO] Stats refresh: classAvg=12.30
2026-01-06 18:47:53 [INFO] Stats refresh: classAvg=12.30
2026-01-06 18:47:54 [INFO] Stats refresh: classAvg=12.30
2026-01-06 18:47:55 [INFO] Stats refresh: classAvg=12.30
2026-01-06 18:47:57 [INFO] Stats refresh: classAvg=12.30
2026-01-06 18:47:58 [INFO] Stats refresh: classAvg=12.30
2026-01-06 18:48:00 [INFO] Stats refresh: classAvg=12.30
2026-01-06 18:48:01 [INFO] Stats refresh: classAvg=12.30
2026-01-06 18:48:02 [INFO] Stats refresh: classAvg=12.30
2026-01-06 18:48:03 [INFO] Stats refresh: classAvg=12.30
2026-01-06 18:48:05 [INFO] Stats refresh: classAvg=12.30
2026-01-06 18:48:06 [INFO] Stats refresh: classAvg=12.30
2026-01-06 18:48:07 [INFO] Stats refresh: classAvg=12.30
2026-01-06 18:48:08 [INFO] Stats refresh: classAvg=12.30
2026-01-06 18:48:09 [INFO] Stats refresh: classAvg=12.30
2026-01-06 18:48:10 [INFO] Stats refresh: classAvg=12.30
2026-01-06 18:48:11 [INFO] Stats refresh: classAvg=12.30
2026-01-06 18:48:12 [INFO] Stats refresh: classAvg=12.30
2026-01-06 18:48:13 [INFO] Stats refresh: classAvg=12.30
2026-01-06 18:48:14 [INFO] Stats refresh: classAvg=12.30
2026-01-06 18:48:15 [INFO] Stats refresh: classAvg=12.30
2026-01-06 18:48:16 [INFO] Stats refresh: classAvg=12.30
2026-01-06 18:48:17 [INFO] Stats refresh: classAvg=12.30
2026-01-06 18:48:18 [INFO] Stats refresh: classAvg=12.30
2026-01-06 18:48:19 [INFO] Stats refresh: classAvg=12.30
2026-01-06 18:48:20 [INFO] Stats refresh: classAvg=12.30
2026-01-06 18:48:22 [INFO] Stats refresh: classAvg=12.30
2026-01-06 18:48:23 [INFO] Stats refresh: classAvg=12.30
2026-01-06 18:48:24 [INFO] Stats refresh: classAvg=12.30
2026-01-06 18:48:25 [INFO] Stats refresh: classAvg=12.30
2026-01-06 18:48:26 [INFO] Stats refresh: classAvg=12.30
2026-01-06 18:48:27 [INFO] Stats refresh: classAvg=12.30
2026-01-06 18:48:28 [INFO] Stats refresh: classAvg=12.30
2026-01-06 18:48:30 [INFO] Stats refresh: classAvg=12.30
2026-01-06 18:48:31 [INFO] Stats refresh: classAvg=12.30
2026-01-06 18:48:32 [INFO] Stats refresh: classAvg=12.30
2026-01-06 18:48:33 [INFO] Stats refresh: classAvg=12.30
2026-01-06 18:48:34 [INFO] Stats refresh: classAvg=12.30
2026-01-06 18:48:35 [INFO] Stats refresh: classAvg=12.30
2026-01-06 18:48:36 [INFO] Stats refresh: classAvg=12.30
2026-01-06 18:48:37 [INFO] Stats refresh: classAvg=12.30
2026-01-06 18:48:38 [INFO] Stats refresh: classAvg=12.30
2026-01-06 18:48:39 [INFO] Stats refresh: classAvg=12.30
2026-01-06 18:48:40 [INFO] Stats refresh: classAvg=12.30
2026-01-06 18:48:42 [INFO] Stats refresh: classAvg=12.30
2026-01-06 18:48:43 [INFO] Stats refresh: classAvg=12.30
2026-01-06 18:48:45 [INFO] Stats refresh: classAvg=12.30
2026-01-06 18:48:46 [INFO] Stats refresh: classAvg=12.30
2026-01-06 18:48:47 [INFO] Stats refresh: classAvg=12.30
2026-01-06 18:48:48 [INFO] Stats refresh: classAvg=12.30
2026-01-06 18:48:49 [INFO] Stats refresh: classAvg=12.30
2026-01-06 18:48:50 [INFO] Stats refresh: classAvg=12.30
2026-01-06 18:48:51 [INFO] Stats refresh: classAvg=12.30
2026-01-06 18:48:52 [INFO] Stats refresh: classAvg=12.30
2026-01-06 18:48:54 [INFO] Stats refresh: classAvg=12.30
2026-01-06 18:48:55 [INFO] Stats refresh: classAvg=12.30
2026-01-06 18:48:56 [INFO] Stats refresh: classAvg=12.30
2026-01-06 18:48:57 [INFO] Stats refresh: classAvg=12.30
2026-01-06 18:48:58 [INFO] Stats refresh: classAvg=12.30
2026-01-06 18:48:59 [INFO] Stats refresh: classAvg=12.30
2026-01-06 18:49:00 [INFO] Stats refresh: classAvg=12.30
2026-01-06 18:49:01 [INFO] Stats refresh: classAvg=12.30
2026-01-06 18:49:02 [INFO] Stats refresh: classAvg=12.30
2026-01-06 18:49:03 [INFO] Stats refresh: classAvg=12.30
2026-01-06 18:49:04 [INFO] Stats refresh: classAvg=12.30
2026-01-06 18:49:05 [INFO] Stats refresh: classAvg=12.30
2026-01-06 18:49:06 [INFO] Stats refresh: classAvg=12.30
2026-01-06 18:49:08 [INFO] Stats refresh: classAvg=12.30
2026-01-06 18:49:09 [INFO] Stats refresh: classAvg=12.30
2026-01-06 18:49:10 [INFO] Stats refresh: classAvg=12.30
2026-01-06 18:49:11 [INFO] Stats refresh: classAvg=12.30
2026-01-06 18:49:12 [INFO] Stats refresh: classAvg=12.30
2026-01-06 18:49:13 [INFO] Stats refresh: classAvg=12.30
2026-01-06 18:49:14 [INFO] Stats refresh: classAvg=12.30
2026-01-06 18:49:16 [INFO] Stats refresh: classAvg=12.30
2026-01-06 18:49:17 [INFO] Stats refresh: classAvg=12.30
2026-01-06 18:49:18 [INFO] Stats refresh: classAvg=12.30
2026-01-06 18:49:19 [INFO] Stats refresh: classAvg=12.30
2026-01-06 18:49:20 [INFO] Stats refresh: classAvg=12.30
2026-01-06 18:49:21 [INFO] Stats refresh: classAvg=12.30
2026-01-06 18:49:22 [INFO] Stats refresh: classAvg=12.30
2026-01-06 18:49:23 [INFO] Stats refresh: classAvg=12.30
2026-01-06 18:49:24 [INFO] Stats refresh: classAvg=12.30
2026-01-06 18:49:25 [INFO] Stats refresh: classAvg=12.30
2026-01-06 18:49:26 [INFO] Stats refresh: classAvg=12.30
2026-01-06 18:49:27 [INFO] Stats refresh: classAvg=12.30
2026-01-06 18:49:28 [INFO] Stats refresh: classAvg=12.30
2026-01-06 18:49:29 [INFO] Stats refresh: classAvg=12.30
2026-01-06 18:49:30 [INFO] Stats refresh: classAvg=12.30
2026-01-06 18:49:31 [INFO] Stats refresh: classAvg=12.30
2026-01-06 18:49:32 [INFO] Stats refresh: classAvg=12.30
2026-01-06 18:49:33 [INFO] Stats refresh: classAvg=12.30
2026-01-06 18:49:34 [INFO] Stats refresh: classAvg=12.30
2026-01-06 18:49:35 [INFO] Stats refresh: classAvg=12.30
2026-01-06 18:49:37 [INFO] Stats refresh: classAvg=12.30
2026-01-06 18:49:38 [INFO] Stats refresh: classAvg=12.30
2026-01-06 18:49:39 [INFO] Stats refresh: classAvg=12.30
2026-01-06 18:49:40 [INFO] Stats refresh: classAvg=12.30
2026-01-06 18:49:41 [INFO] Stats refresh: classAvg=12.30
2026-01-06 18:49:42 [INFO] Stats refresh: classAvg=12.30
2026-01-06 18:49:43 [INFO] Stats refresh: classAvg=12.30
2026-01-06 18:49:45 [INFO] Stats refresh: classAvg=12.30
2026-01-06 18:49:46 [INFO] Stats refresh: classAvg=12.30
2026-01-06 18:49:47 [INFO] Stats refresh: classAvg=12.30
2026-01-06 18:49:48 [INFO] Stats refresh: classAvg=12.30
2026-01-06 18:49:49 [INFO] Stats refresh: classAvg=12.30
2026-01-06 18:49:50 [INFO] Stats refresh: classAvg=12.30
2026-01-06 18:49:51 [INFO] Stats refresh: classAvg=12.30
2026-01-06 18:49:52 [INFO] Stats refresh: classAvg=12.30
2026-01-06 18:49:53 [INFO] Stats refresh: classAvg=12.30
2026-01-06 18:49:54 [INFO] Stats refresh: classAvg=12.30
2026-01-06 18:49:55 [INFO] Stats refresh: classAvg=12.30
2026-01-06 18:49:56 [INFO] Stats refresh: classAvg=12.30
2026-01-06 18:49:57 [INFO] Stats refresh: classAvg=12.30
2026-01-06 18:49:58 [INFO] Stats refresh: classAvg=12.30
2026-01-06 18:49:59 [INFO] Stats refresh: classAvg=12.30
2026-01-06 18:50:01 [INFO] Stats refresh: classAvg=12.30
2026-01-06 18:50:02 [INFO] Stats refresh: classAvg=12.30
2026-01-06 18:50:03 [INFO] Stats refresh: classAvg=12.30
2026-01-06 18:50:04 [INFO] Stats refresh: classAvg=12.30
2026-01-06 18:50:05 [INFO] Stats refresh: classAvg=12.30
2026-01-06 18:50:06 [INFO] Stats refresh: classAvg=12.30
2026-01-06 18:50:07 [INFO] Stats refresh: classAvg=12.30
2026-01-06 18:50:08 [INFO] Stats refresh: classAvg=12.30
2026-01-06 18:50:09 [INFO] Stats refresh: classAvg=12.30
2026-01-06 18:50:10 [INFO] Stats refresh: classAvg=12.30
2026-01-06 18:50:11 [INFO] Stats refresh: classAvg=12.30
2026-01-06 18:50:12 [INFO] Stats refresh: classAvg=12.30
2026-01-06 18:50:13 [INFO] Stats refresh: classAvg=12.30
2026-01-06 18:50:14 [INFO] Stats refresh: classAvg=12.30
2026-01-06 18:50:15 [INFO] Stats refresh: classAvg=12.30
2026-01-06 18:50:16 [INFO] Stats refresh: classAvg=12.30
2026-01-06 18:50:17 [INFO] Stats refresh: classAvg=12.30
2026-01-06 18:50:18 [INFO] Stats refresh: classAvg=12.30
2026-01-06 18:50:19 [INFO] Stats refresh: classAvg=12.30
2026-01-06 18:50:20 [INFO] Stats refresh: classAvg=12.30
2026-01-06 18:50:21 [INFO] Stats refresh: classAvg=12.30
2026-01-06 18:50:22 [INFO] Stats refresh: classAvg=12.30
2026-01-06 18:50:23 [INFO] Stats refresh: classAvg=12.30
2026-01-06 18:50:24 [INFO] Stats refresh: classAvg=12.30
2026-01-06 18:50:25 [INFO] Stats refresh: classAvg=12.30
2026-01-06 18:50:26 [INFO] Stats refresh: classAvg=12.30
2026-01-06 18:50:27 [INFO] Stats refresh: classAvg=12.30
2026-01-06 18:50:28 [INFO] Stats refresh: classAvg=12.30
2026-01-06 18:50:29 [INFO] Stats refresh: classAvg=12.30
2026-01-06 18:50:30 [INFO] Stats refresh: classAvg=12.30
2026-01-06 18:50:31 [INFO] Stats refresh: classAvg=12.30
2026-01-06 18:50:32 [INFO] Stats refresh: classAvg=12.30
2026-01-06 18:50:33 [INFO] Stats refresh: classAvg=12.30
2026-01-06 18:50:34 [INFO] Stats refresh: classAvg=12.30
2026-01-06 18:50:35 [INFO] Stats refresh: classAvg=12.30
2026-01-06 18:50:36 [INFO] Stats refresh: classAvg=12.30
2026-01-06 18:50:37 [INFO] Stats refresh: classAvg=12.30
2026-01-06 18:50:38 [INFO] Stats refresh: classAvg=12.30
2026-01-06 18:50:39 [INFO] Stats refresh: classAvg=12.30
2026-01-06 18:50:40 [INFO] Stats refresh: classAvg=12.30
2026-01-06 18:50:41 [INFO] Stats refresh: classAvg=12.30
2026-01-06 18:50:42 [INFO] Stats refresh: classAvg=12.30
2026-01-06 18:50:43 [INFO] Stats refresh: classAvg=12.30
2026-01-06 18:50:44 [INFO] Stats refresh: classAvg=12.30
2026-01-06 18:50:45 [INFO] Stats refresh: classAvg=12.30
2026-01-06 18:50:47 [INFO] Stats refresh: classAvg=12.30
2026-01-06 18:50:48 [INFO] Stats refresh: classAvg=12.30
2026-01-06 18:50:49 [INFO] Stats refresh: classAvg=12.30
2026-01-06 18:50:50 [INFO] Stats refresh: classAvg=12.30
2026-01-06 18:50:51 [INFO] Stats refresh: classAvg=12.30
2026-01-06 18:50:52 [INFO] Stats refresh: classAvg=12.30
2026-01-06 18:50:53 [INFO] Stats refresh: classAvg=12.30
2026-01-06 18:50:54 [INFO] Stats refresh: classAvg=12.30
2026-01-06 18:50:55 [INFO] Stats refresh: classAvg=12.30
2026-01-06 18:50:56 [INFO] Stats refresh: classAvg=12.30
2026-01-06 18:50:57 [INFO] Stats refresh: classAvg=12.30
2026-01-06 18:50:58 [INFO] Stats refresh: classAvg=12.30
2026-01-06 18:50:59 [INFO] Stats refresh: classAvg=12.30
2026-01-06 18:51:00 [INFO] Stats refresh: classAvg=12.30
2026-01-06 18:51:01 [INFO] Stats refresh: classAvg=12.30
2026-01-06 18:51:02 [INFO] Stats refresh: classAvg=12.30
2026-01-06 18:51:03 [INFO] Stats refresh: classAvg=12.30
2026-01-06 18:51:04 [INFO] Stats refresh: classAvg=12.30
2026-01-06 18:51:05 [INFO] Stats refresh: classAvg=12.30
2026-01-06 18:51:06 [INFO] Stats refresh: classAvg=12.30
2026-01-06 18:51:07 [INFO] Stats refresh: classAvg=12.30
2026-01-06 18:51:08 [INFO] Stats refresh: classAvg=12.30
2026-01-06 18:51:09 [INFO] Stats refresh: classAvg=12.30
2026-01-06 18:51:10 [INFO] Stats refresh: classAvg=12.30
2026-01-06 18:51:11 [INFO] Stats refresh: classAvg=12.30
2026-01-06 18:51:12 [INFO] Stats refresh: classAvg=12.30
2026-01-06 18:51:13 [INFO] Stats refresh: classAvg=12.30
2026-01-06 18:51:32 [INFO] Stats refresh: classAvg=0.00
2026-01-06 18:51:35 [INFO] Stats refresh: classAvg=0.00
2026-01-06 18:51:38 [INFO] Stats refresh: classAvg=0.00
2026-01-06 18:51:41 [INFO] Stats refresh: classAvg=0.00
2026-01-06 18:51:44 [INFO] Stats refresh: classAvg=0.00
2026-01-06 18:51:47 [INFO] Stats refresh: classAvg=0.00
2026-01-06 18:51:50 [INFO] Stats refresh: classAvg=0.00
2026-01-06 18:51:53 [INFO] Stats refresh: classAvg=0.00
2026-01-06 18:51:56 [INFO] Stats refresh: classAvg=0.00
2026-01-06 18:51:59 [INFO] Stats refresh: classAvg=0.00
2026-01-06 18:52:02 [INFO] Stats refresh: classAvg=0.00
2026-01-06 18:52:05 [INFO] Stats refresh: classAvg=0.00
2026-01-06 18:52:08 [INFO] Stats refresh: classAvg=0.00
2026-01-06 18:52:11 [INFO] Stats refresh: classAvg=0.00
2026-01-06 18:52:14 [INFO] Stats refresh: classAvg=0.00
2026-01-06 18:52:17 [INFO] Stats refresh: classAvg=0.00
2026-01-06 18:52:20 [INFO] Stats refresh: classAvg=0.00
2026-01-06 18:52:23 [INFO] Stats refresh: classAvg=0.00
2026-01-06 18:52:26 [INFO] Stats refresh: classAvg=0.00
2026-01-06 18:52:29 [INFO] Stats refresh: classAvg=0.00
2026-01-06 18:52:32 [INFO] Stats refresh: classAvg=0.00
2026-01-06 18:52:32 [INFO] View Students invoked; total=5
2026-01-06 18:52:32 [INFO] View Students summary: class average=0.00
2026-01-06 18:52:35 [INFO] Stats refresh: classAvg=0.00
2026-01-06 18:52:38 [INFO] Stats refresh: classAvg=0.00
2026-01-06 18:52:41 [INFO] Stats refresh: classAvg=0.00
2026-01-06 18:52:44 [INFO] Stats refresh: classAvg=0.00
2026-01-06 18:52:47 [INFO] Stats refresh: classAvg=0.00
2026-01-06 18:52:50 [INFO] Stats refresh: classAvg=0.00
2026-01-06 18:52:53 [INFO] Stats refresh: classAvg=0.00
2026-01-06 18:52:56 [INFO] Stats refresh: classAvg=0.00
2026-01-06 18:52:59 [INFO] Stats refresh: classAvg=0.00
2026-01-06 18:53:02 [INFO] Stats refresh: classAvg=0.00
2026-01-06 18:53:05 [INFO] Stats refresh: classAvg=0.00
2026-01-06 18:53:08 [INFO] Stats refresh: classAvg=0.00
2026-01-06 18:53:09 [ERROR] Add Student > name: regex validation failed
   -> com.amalitech.exceptions.ValidationException: X VALIDATION ERROR: Invalid name format
  Pattern required: Only letters, spaces, hyphens, and apostrophes
  Examples: John Smith, Mary-Jane O'Connor
  Your input: stuoo1 (contains digits)
2026-01-06 18:53:11 [INFO] Stats refresh: classAvg=0.00
2026-01-06 18:53:14 [INFO] Stats refresh: classAvg=0.00
2026-01-06 18:53:17 [INFO] Stats refresh: classAvg=0.00
2026-01-06 18:53:20 [INFO] Stats refresh: classAvg=0.00
2026-01-06 18:53:23 [INFO] Stats refresh: classAvg=0.00
2026-01-06 18:53:26 [INFO] Stats refresh: classAvg=0.00
2026-01-06 18:53:27 [ERROR] Add Student > name: regex validation failed
   -> com.amalitech.exceptions.ValidationException: X VALIDATION ERROR: Invalid name format
  Pattern required: Only letters, spaces, hyphens, and apostrophes
  Examples: John Smith, Mary-Jane O'Connor
  Your input: stu006 (contains digits)
2026-01-06 18:53:29 [INFO] Stats refresh: classAvg=0.00
2026-01-06 18:53:32 [INFO] Stats refresh: classAvg=0.00
2026-01-06 18:53:35 [INFO] Stats refresh: classAvg=0.00
2026-01-06 18:53:38 [INFO] Stats refresh: classAvg=0.00
2026-01-06 18:53:41 [INFO] Stats refresh: classAvg=0.00
2026-01-06 18:53:44 [INFO] Stats refresh: classAvg=0.00
2026-01-06 18:53:47 [INFO] Stats refresh: classAvg=0.00
2026-01-06 18:53:50 [INFO] Stats refresh: classAvg=0.00
2026-01-06 18:53:53 [INFO] Stats refresh: classAvg=0.00
2026-01-06 18:53:56 [INFO] Stats refresh: classAvg=0.00
2026-01-06 18:53:59 [INFO] Stats refresh: classAvg=0.00
2026-01-06 18:54:02 [INFO] Stats refresh: classAvg=0.00
2026-01-06 18:54:05 [INFO] Stats refresh: classAvg=0.00
2026-01-06 18:54:08 [INFO] Stats refresh: classAvg=0.00
2026-01-06 18:54:11 [INFO] Stats refresh: classAvg=0.00
2026-01-06 18:54:14 [INFO] Stats refresh: classAvg=0.00
2026-01-06 18:54:17 [INFO] Stats refresh: classAvg=0.00
2026-01-06 18:54:20 [INFO] Stats refresh: classAvg=0.00
2026-01-06 18:54:20 [ERROR] Add Student > phone: regex validation failed
   -> com.amalitech.exceptions.ValidationException: X VALIDATION ERROR: Invalid phone format
  Accepted patterns:
    - (123) 456-7890
    - 123-456-7890
    - +1-123-456-7890
    - 1234567890
  Your input: 02347587464
2026-01-06 18:54:23 [INFO] Stats refresh: classAvg=0.00
2026-01-06 18:54:26 [INFO] Stats refresh: classAvg=0.00
2026-01-06 18:54:29 [INFO] Stats refresh: classAvg=0.00
2026-01-06 18:54:32 [INFO] Stats refresh: classAvg=0.00
2026-01-06 18:54:35 [INFO] Stats refresh: classAvg=0.00
2026-01-06 18:54:38 [INFO] Stats refresh: classAvg=0.00
2026-01-06 18:54:41 [INFO] Stats refresh: classAvg=0.00
2026-01-06 18:54:44 [INFO] Stats refresh: classAvg=0.00
2026-01-06 18:54:47 [INFO] Stats refresh: classAvg=0.00
2026-01-06 18:54:50 [INFO] Stats refresh: classAvg=0.00
2026-01-06 18:54:53 [INFO] Stats refresh: classAvg=0.00
2026-01-06 18:54:56 [INFO] Stats refresh: classAvg=0.00
2026-01-06 18:54:59 [INFO] Stats refresh: classAvg=0.00
2026-01-06 18:55:02 [INFO] Stats refresh: classAvg=0.00
2026-01-06 18:55:05 [INFO] Stats refresh: classAvg=0.00
2026-01-06 18:55:08 [INFO] Stats refresh: classAvg=0.00
2026-01-06 18:55:11 [INFO] Stats refresh: classAvg=0.00
2026-01-06 18:55:14 [INFO] Stats refresh: classAvg=0.00
2026-01-06 18:55:14 [INFO] Add Student > STU005 (Regular Student) email=lne@gmail.com phone=0241105668 enrolled=2025-01-06
2026-01-06 18:55:17 [INFO] Stats refresh: classAvg=0.00
2026-01-06 18:55:20 [INFO] Stats refresh: classAvg=0.00
2026-01-06 18:55:23 [INFO] Stats refresh: classAvg=0.00
2026-01-06 18:55:26 [INFO] Stats refresh: classAvg=0.00
2026-01-06 18:55:29 [INFO] Stats refresh: classAvg=0.00
2026-01-06 18:55:32 [INFO] Stats refresh: classAvg=0.00
2026-01-06 18:55:35 [INFO] Stats refresh: classAvg=0.00
2026-01-06 18:55:38 [INFO] Stats refresh: classAvg=0.00
2026-01-06 18:55:41 [INFO] Stats refresh: classAvg=0.00
2026-01-06 18:55:44 [INFO] Stats refresh: classAvg=0.00
2026-01-06 18:55:47 [INFO] Stats refresh: classAvg=0.00
2026-01-06 18:55:47 [INFO] View Students invoked; total=5
2026-01-06 18:55:47 [INFO] View Students summary: class average=0.00
2026-01-06 18:55:50 [INFO] Stats refresh: classAvg=0.00
2026-01-06 18:55:53 [INFO] Stats refresh: classAvg=0.00
2026-01-06 18:55:56 [INFO] Stats refresh: classAvg=0.00
2026-01-06 18:55:59 [INFO] Stats refresh: classAvg=0.00
2026-01-06 18:56:02 [INFO] Stats refresh: classAvg=0.00
2026-01-06 18:56:05 [INFO] Stats refresh: classAvg=0.00
2026-01-06 18:56:08 [INFO] Stats refresh: classAvg=0.00
2026-01-06 18:56:11 [INFO] Stats refresh: classAvg=0.00
2026-01-06 18:56:14 [INFO] Stats refresh: classAvg=0.00
2026-01-06 18:56:17 [INFO] Stats refresh: classAvg=0.00
2026-01-06 18:56:20 [INFO] Stats refresh: classAvg=0.00
2026-01-06 18:56:23 [INFO] Stats refresh: classAvg=0.00
2026-01-06 18:56:26 [INFO] Stats refresh: classAvg=0.00
2026-01-06 18:56:29 [INFO] Stats refresh: classAvg=0.00
2026-01-06 18:56:32 [INFO] Stats refresh: classAvg=0.00
2026-01-06 18:56:35 [INFO] Stats refresh: classAvg=0.00
2026-01-06 18:56:38 [INFO] Stats refresh: classAvg=0.00
2026-01-06 18:56:41 [INFO] Stats refresh: classAvg=0.00
2026-01-06 18:56:44 [INFO] Stats refresh: classAvg=0.00
2026-01-06 18:56:47 [INFO] Stats refresh: classAvg=0.00
2026-01-06 18:56:50 [INFO] Stats refresh: classAvg=0.00
2026-01-06 18:56:51 [INFO] Add Student > STU006 (Regular Student) email=lennox@ucc.edu.gh phone=0542280472 enrolled=2025-01-06
2026-01-06 18:56:53 [INFO] Stats refresh: classAvg=0.00
2026-01-06 18:56:56 [INFO] Stats refresh: classAvg=0.00
2026-01-06 18:56:59 [INFO] Stats refresh: classAvg=0.00
2026-01-06 18:57:02 [INFO] Stats refresh: classAvg=0.00
2026-01-06 18:57:05 [INFO] Stats refresh: classAvg=0.00
2026-01-06 18:57:08 [INFO] Stats refresh: classAvg=0.00
2026-01-06 18:57:11 [INFO] Stats refresh: classAvg=0.00
2026-01-06 18:57:14 [INFO] Stats refresh: classAvg=0.00
2026-01-06 18:57:17 [INFO] Stats refresh: classAvg=0.00
2026-01-06 18:57:20 [INFO] Stats refresh: classAvg=0.00
2026-01-06 18:57:23 [INFO] Stats refresh: classAvg=0.00
2026-01-06 18:57:26 [INFO] Stats refresh: classAvg=0.00
2026-01-06 18:57:29 [INFO] Stats refresh: classAvg=0.00
2026-01-06 18:57:32 [INFO] Stats refresh: classAvg=0.00
2026-01-06 18:57:35 [INFO] Stats refresh: classAvg=0.00
2026-01-06 18:57:38 [INFO] Stats refresh: classAvg=0.00
2026-01-06 18:57:41 [INFO] Stats refresh: classAvg=0.00
2026-01-06 18:57:44 [INFO] Stats refresh: classAvg=0.00
2026-01-06 18:57:47 [INFO] Stats refresh: classAvg=0.00
2026-01-06 18:57:49 [INFO] View Students invoked; total=6
2026-01-06 18:57:49 [INFO] View Students summary: class average=0.00
2026-01-06 18:57:50 [INFO] Stats refresh: classAvg=0.00
2026-01-06 18:57:53 [INFO] Stats refresh: classAvg=0.00
2026-01-06 18:57:56 [INFO] Stats refresh: classAvg=0.00
2026-01-06 18:57:59 [INFO] Stats refresh: classAvg=0.00
2026-01-06 18:58:02 [INFO] Stats refresh: classAvg=0.00
2026-01-06 18:58:05 [INFO] Stats refresh: classAvg=0.00
2026-01-06 18:58:08 [INFO] Stats refresh: classAvg=0.00
2026-01-06 18:58:11 [INFO] Stats refresh: classAvg=0.00
2026-01-06 18:58:14 [INFO] Stats refresh: classAvg=5.67
2026-01-06 18:58:17 [INFO] Stats refresh: classAvg=5.67
2026-01-06 18:58:20 [INFO] Stats refresh: classAvg=5.67
2026-01-06 18:58:23 [INFO] Stats refresh: classAvg=5.67
2026-01-06 18:58:26 [INFO] Stats refresh: classAvg=5.67
2026-01-06 18:58:29 [INFO] Stats refresh: classAvg=5.67
2026-01-06 18:58:32 [INFO] Stats refresh: classAvg=5.67
2026-01-06 18:58:33 [INFO] View Grade Report > requested for student STU006
2026-01-06 18:58:33 [INFO] View Grade Report > aggregates for STU006: core=34.00 elective=0.00 overall=34.00
2026-01-06 18:58:35 [INFO] Stats refresh: classAvg=5.67
2026-01-06 18:58:38 [INFO] Stats refresh: classAvg=5.67
2026-01-06 18:58:41 [INFO] Stats refresh: classAvg=5.67
2026-01-06 18:58:44 [INFO] Stats refresh: classAvg=5.67
2026-01-06 18:58:47 [INFO] Stats refresh: classAvg=5.67
2026-01-06 18:58:50 [INFO] Stats refresh: classAvg=5.67
2026-01-06 18:58:53 [INFO] Stats refresh: classAvg=5.67
2026-01-06 18:58:56 [INFO] Stats refresh: classAvg=5.67
2026-01-06 18:58:59 [INFO] Stats refresh: classAvg=5.67
2026-01-06 18:59:02 [INFO] Stats refresh: classAvg=5.67
2026-01-06 18:59:05 [INFO] Stats refresh: classAvg=5.67
2026-01-06 18:59:08 [INFO] Stats refresh: classAvg=5.67
2026-01-06 18:59:11 [INFO] Stats refresh: classAvg=5.67
2026-01-06 18:59:14 [INFO] Stats refresh: classAvg=5.67
2026-01-06 18:59:17 [INFO] Stats refresh: classAvg=5.67
2026-01-06 18:59:20 [INFO] Stats refresh: classAvg=5.67
2026-01-06 18:59:23 [INFO] Stats refresh: classAvg=5.67
2026-01-06 18:59:23 [INFO] Export report requested for STU006 format=4 type=3
2026-01-06 18:59:23 [ERROR] Export failure
   -> com.amalitech.exceptions.ExportFailedException: Failed to export file to: Export task failed
2026-01-06 18:59:26 [INFO] Stats refresh: classAvg=5.67
2026-01-06 18:59:29 [INFO] Stats refresh: classAvg=5.67
2026-01-06 18:59:32 [INFO] Stats refresh: classAvg=5.67
2026-01-06 18:59:35 [INFO] Stats refresh: classAvg=5.67
2026-01-06 18:59:38 [INFO] Stats refresh: classAvg=5.67
2026-01-06 18:59:41 [INFO] Stats refresh: classAvg=5.67
2026-01-06 18:59:44 [INFO] Stats refresh: classAvg=5.67
2026-01-06 18:59:47 [INFO] Stats refresh: classAvg=5.67
2026-01-06 18:59:50 [INFO] Stats refresh: classAvg=5.67
2026-01-06 18:59:53 [INFO] Stats refresh: classAvg=5.67
2026-01-06 18:59:56 [INFO] Stats refresh: classAvg=5.67
2026-01-06 18:59:57 [INFO] Export report requested for STU006 format=4 type=1
2026-01-06 18:59:57 [ERROR] Export failure
   -> com.amalitech.exceptions.ExportFailedException: Failed to export file to: Export task failed
2026-01-06 18:59:59 [INFO] Stats refresh: classAvg=5.67
2026-01-06 19:00:02 [INFO] Stats refresh: classAvg=5.67
2026-01-06 19:00:05 [INFO] Stats refresh: classAvg=5.67
2026-01-06 19:00:08 [INFO] Stats refresh: classAvg=5.67
2026-01-06 19:00:11 [INFO] Stats refresh: classAvg=5.67
2026-01-06 19:00:14 [INFO] Stats refresh: classAvg=5.67
2026-01-06 19:00:17 [INFO] Stats refresh: classAvg=5.67
2026-01-06 19:00:20 [INFO] Stats refresh: classAvg=5.67
2026-01-06 19:00:23 [INFO] Stats refresh: classAvg=5.67
2026-01-06 19:00:26 [INFO] Stats refresh: classAvg=5.67
2026-01-06 19:00:29 [INFO] Stats refresh: classAvg=5.67
2026-01-06 19:00:32 [INFO] Stats refresh: classAvg=5.67
2026-01-06 19:00:32 [INFO] Export report requested for STU006 format=2 type=1
2026-01-06 19:00:32 [INFO] Parallel export done: total=3ms csv=0ms json=1ms bin=0ms
2026-01-06 19:00:35 [INFO] Stats refresh: classAvg=5.67
2026-01-06 19:00:38 [INFO] Stats refresh: classAvg=5.67
2026-01-06 19:00:41 [INFO] Stats refresh: classAvg=5.67
2026-01-06 19:00:44 [INFO] Stats refresh: classAvg=5.67
2026-01-06 19:00:47 [INFO] Stats refresh: classAvg=5.67
2026-01-06 19:00:50 [INFO] Stats refresh: classAvg=5.67
2026-01-06 19:00:53 [INFO] Stats refresh: classAvg=5.67
2026-01-06 19:00:56 [INFO] Stats refresh: classAvg=5.67
2026-01-06 19:00:58 [INFO] Export report requested for STU006 format=1 type=2
2026-01-06 19:00:58 [INFO] Parallel export done: total=2ms csv=2ms json=0ms bin=0ms
2026-01-06 19:00:59 [INFO] Stats refresh: classAvg=5.67
2026-01-06 19:01:02 [INFO] Stats refresh: classAvg=5.67
2026-01-06 19:01:05 [INFO] Stats refresh: classAvg=5.67
2026-01-06 19:01:08 [INFO] Stats refresh: classAvg=5.67
2026-01-06 19:01:11 [INFO] Stats refresh: classAvg=5.67
2026-01-06 19:01:14 [INFO] Stats refresh: classAvg=5.67
2026-01-06 19:01:17 [INFO] Stats refresh: classAvg=5.67
2026-01-06 19:01:20 [INFO] Stats refresh: classAvg=5.67
2026-01-06 19:01:23 [INFO] Stats refresh: classAvg=5.67
2026-01-06 19:01:26 [INFO] Stats refresh: classAvg=5.67
2026-01-06 19:01:29 [INFO] Stats refresh: classAvg=5.67
2026-01-06 19:01:29 [INFO] Export report requested for STU006 format=3 type=3
2026-01-06 19:01:29 [ERROR] Export failure
   -> com.amalitech.exceptions.ExportFailedException: Failed to export file to: Export task failed
2026-01-06 19:01:32 [INFO] Stats refresh: classAvg=5.67
2026-01-06 19:01:35 [INFO] Stats refresh: classAvg=5.67
2026-01-06 19:01:38 [INFO] Stats refresh: classAvg=5.67
2026-01-06 19:01:41 [INFO] Stats refresh: classAvg=5.67
2026-01-06 19:01:44 [INFO] Stats refresh: classAvg=5.67
2026-01-06 19:01:47 [INFO] Stats refresh: classAvg=5.67
2026-01-06 19:01:50 [INFO] Stats refresh: classAvg=5.67
2026-01-06 19:01:53 [INFO] Stats refresh: classAvg=5.67
2026-01-06 19:01:56 [INFO] Stats refresh: classAvg=5.67
2026-01-06 19:01:56 [INFO] Export report requested for STU006 format=1 type=4
2026-01-06 19:01:56 [INFO] Parallel export done: total=2ms csv=1ms json=0ms bin=0ms
2026-01-06 19:01:59 [INFO] Stats refresh: classAvg=5.67
2026-01-06 19:02:02 [INFO] Stats refresh: classAvg=5.67
2026-01-06 19:02:05 [INFO] Stats refresh: classAvg=5.67
2026-01-06 19:02:08 [INFO] Stats refresh: classAvg=5.67
2026-01-06 19:02:11 [INFO] Stats refresh: classAvg=5.67
2026-01-06 19:02:14 [INFO] Stats refresh: classAvg=5.67
2026-01-06 19:02:17 [INFO] Stats refresh: classAvg=5.67
2026-01-06 19:02:20 [INFO] Stats refresh: classAvg=5.67
2026-01-06 19:02:23 [INFO] Stats refresh: classAvg=5.67
2026-01-06 19:02:26 [INFO] Stats refresh: classAvg=5.67
2026-01-06 19:02:29 [INFO] Stats refresh: classAvg=5.67
2026-01-06 19:02:31 [INFO] Export report requested for STU006 format=3 type=3
2026-01-06 19:02:31 [ERROR] Export failure
   -> com.amalitech.exceptions.ExportFailedException: Failed to export file to: Export task failed
2026-01-06 19:02:32 [INFO] Stats refresh: classAvg=5.67
2026-01-06 19:02:35 [INFO] Stats refresh: classAvg=5.67
2026-01-06 19:02:38 [INFO] Stats refresh: classAvg=5.67
2026-01-06 19:02:41 [INFO] Stats refresh: classAvg=5.67
2026-01-06 19:02:44 [INFO] Stats refresh: classAvg=5.67
2026-01-06 19:02:47 [INFO] Stats refresh: classAvg=5.67
2026-01-06 19:02:50 [INFO] Stats refresh: classAvg=5.67
2026-01-06 19:02:53 [INFO] Stats refresh: classAvg=5.67
2026-01-06 19:02:56 [INFO] Stats refresh: classAvg=5.67
2026-01-06 19:02:59 [INFO] Stats refresh: classAvg=5.67
2026-01-06 19:03:02 [INFO] Stats refresh: classAvg=5.67
2026-01-06 19:03:05 [INFO] Stats refresh: classAvg=5.67
2026-01-06 19:03:08 [INFO] Stats refresh: classAvg=5.67
2026-01-06 19:03:11 [INFO] Stats refresh: classAvg=5.67
2026-01-06 19:03:14 [INFO] Stats refresh: classAvg=5.67
2026-01-06 19:03:17 [INFO] Stats refresh: classAvg=5.67
2026-01-06 19:03:20 [INFO] Stats refresh: classAvg=5.67
2026-01-06 19:03:23 [INFO] Stats refresh: classAvg=5.67
2026-01-06 19:03:26 [INFO] Stats refresh: classAvg=5.67
2026-01-06 19:03:29 [INFO] Stats refresh: classAvg=5.67
2026-01-06 19:03:32 [INFO] Stats refresh: classAvg=5.67
2026-01-06 19:03:35 [INFO] Stats refresh: classAvg=5.67
2026-01-06 19:03:38 [INFO] Stats refresh: classAvg=5.67
2026-01-06 19:03:41 [INFO] Stats refresh: classAvg=5.67
2026-01-06 19:03:44 [INFO] Stats refresh: classAvg=5.67
2026-01-06 19:03:47 [INFO] Stats refresh: classAvg=5.67
2026-01-06 19:03:50 [INFO] Stats refresh: classAvg=5.67
2026-01-06 19:03:53 [INFO] Stats refresh: classAvg=5.67
2026-01-06 19:03:56 [INFO] Stats refresh: classAvg=5.67
2026-01-06 19:03:59 [INFO] Stats refresh: classAvg=5.67
2026-01-06 19:04:02 [INFO] Stats refresh: classAvg=5.67
2026-01-06 19:04:05 [INFO] Stats refresh: classAvg=5.67
2026-01-06 19:04:08 [INFO] Stats refresh: classAvg=5.67
2026-01-06 19:04:11 [INFO] Stats refresh: classAvg=5.67
2026-01-06 19:04:14 [INFO] Stats refresh: classAvg=5.67
2026-01-06 19:04:17 [INFO] Stats refresh: classAvg=5.67
2026-01-06 19:04:20 [INFO] Stats refresh: classAvg=5.67
2026-01-06 19:04:23 [INFO] Stats refresh: classAvg=5.67
2026-01-06 19:04:26 [INFO] Stats refresh: classAvg=5.67
2026-01-06 19:04:29 [INFO] Stats refresh: classAvg=5.67
2026-01-06 19:04:32 [INFO] Stats refresh: classAvg=5.67
2026-01-06 19:04:35 [INFO] Stats refresh: classAvg=5.67
2026-01-06 19:04:38 [INFO] Stats refresh: classAvg=5.67
2026-01-06 19:04:41 [INFO] Stats refresh: classAvg=5.67
2026-01-06 19:04:44 [INFO] Stats refresh: classAvg=5.67
2026-01-06 19:04:47 [INFO] Stats refresh: classAvg=5.67
2026-01-06 19:04:50 [INFO] Stats refresh: classAvg=5.67
2026-01-06 19:04:53 [INFO] Stats refresh: classAvg=5.67
2026-01-06 19:04:56 [INFO] Stats refresh: classAvg=5.67
2026-01-06 19:04:59 [INFO] Stats refresh: classAvg=5.67
2026-01-06 19:05:02 [INFO] Stats refresh: classAvg=5.67
2026-01-06 19:05:05 [INFO] Stats refresh: classAvg=5.67
2026-01-06 19:05:08 [INFO] Stats refresh: classAvg=5.67
2026-01-06 19:05:11 [INFO] Stats refresh: classAvg=5.67
2026-01-06 19:05:14 [INFO] Stats refresh: classAvg=5.67
2026-01-06 19:05:17 [INFO] Stats refresh: classAvg=5.67
2026-01-06 19:05:20 [INFO] Stats refresh: classAvg=5.67
2026-01-06 19:05:23 [INFO] Stats refresh: classAvg=5.67
2026-01-06 19:05:26 [INFO] Stats refresh: classAvg=5.67
2026-01-06 19:05:29 [INFO] Stats refresh: classAvg=5.67
2026-01-06 19:05:32 [INFO] Stats refresh: classAvg=5.67
2026-01-06 19:05:35 [INFO] Stats refresh: classAvg=5.67
2026-01-06 19:05:38 [INFO] Stats refresh: classAvg=5.67
2026-01-06 19:05:41 [INFO] Stats refresh: classAvg=5.67
2026-01-06 19:05:44 [INFO] Stats refresh: classAvg=5.67
2026-01-06 19:05:47 [INFO] Stats refresh: classAvg=5.67
2026-01-06 19:05:50 [INFO] Stats refresh: classAvg=5.67
2026-01-06 19:05:53 [INFO] Stats refresh: classAvg=5.67
2026-01-06 19:05:56 [INFO] Stats refresh: classAvg=5.67
2026-01-06 19:05:59 [INFO] Stats refresh: classAvg=5.67
2026-01-06 19:06:02 [INFO] Stats refresh: classAvg=5.67
2026-01-06 19:06:05 [INFO] Stats refresh: classAvg=5.67
2026-01-06 19:06:08 [INFO] Stats refresh: classAvg=5.67
2026-01-06 19:06:11 [INFO] Stats refresh: classAvg=5.67
2026-01-06 19:06:14 [INFO] Stats refresh: classAvg=5.67
2026-01-06 19:06:17 [INFO] Stats refresh: classAvg=5.67
2026-01-06 19:06:20 [INFO] Stats refresh: classAvg=5.67
2026-01-06 19:06:23 [INFO] Stats refresh: classAvg=5.67
2026-01-06 19:06:26 [INFO] Stats refresh: classAvg=5.67
2026-01-06 19:06:29 [INFO] Stats refresh: classAvg=5.67
2026-01-06 19:06:32 [INFO] Stats refresh: classAvg=5.67
2026-01-06 19:06:35 [INFO] Stats refresh: classAvg=5.67
2026-01-06 19:06:38 [INFO] Stats refresh: classAvg=5.67
2026-01-06 19:06:41 [INFO] Stats refresh: classAvg=5.67
2026-01-06 19:06:44 [INFO] Stats refresh: classAvg=5.67
2026-01-06 19:06:47 [INFO] Stats refresh: classAvg=5.67
2026-01-06 19:06:50 [INFO] Stats refresh: classAvg=5.67
2026-01-06 19:06:53 [INFO] Stats refresh: classAvg=5.67
2026-01-06 19:06:56 [INFO] Stats refresh: classAvg=5.67
2026-01-06 19:06:59 [INFO] Stats refresh: classAvg=5.67
2026-01-06 19:07:02 [INFO] Stats refresh: classAvg=5.67
2026-01-06 19:07:05 [INFO] Stats refresh: classAvg=5.67
2026-01-06 19:07:08 [INFO] Stats refresh: classAvg=5.67
2026-01-06 19:07:11 [INFO] Stats refresh: classAvg=5.67
2026-01-06 19:07:14 [INFO] Stats refresh: classAvg=5.67
2026-01-06 19:07:17 [INFO] Stats refresh: classAvg=5.67
2026-01-06 19:07:20 [INFO] Stats refresh: classAvg=5.67
2026-01-06 19:07:23 [INFO] Stats refresh: classAvg=5.67
2026-01-06 19:07:26 [INFO] Stats refresh: classAvg=5.67
2026-01-06 19:07:29 [INFO] Stats refresh: classAvg=5.67
2026-01-06 19:07:32 [INFO] Stats refresh: classAvg=5.67
2026-01-06 19:07:35 [INFO] Stats refresh: classAvg=5.67
2026-01-06 19:07:38 [INFO] Stats refresh: classAvg=5.67
2026-01-06 19:07:41 [INFO] Stats refresh: classAvg=5.67
2026-01-06 19:07:44 [INFO] Stats refresh: classAvg=5.67
2026-01-06 19:07:47 [INFO] Stats refresh: classAvg=5.67
2026-01-06 19:07:50 [INFO] Stats refresh: classAvg=5.67
2026-01-06 19:07:54 [INFO] Stats refresh: classAvg=5.67
2026-01-06 19:07:57 [INFO] Stats refresh: classAvg=5.67
2026-01-06 19:07:59 [INFO] Stats refresh: classAvg=5.67
2026-01-06 19:08:03 [INFO] Stats refresh: classAvg=5.67
2026-01-06 19:08:05 [INFO] Stats refresh: classAvg=5.67
2026-01-06 19:08:09 [INFO] Stats refresh: classAvg=5.67
2026-01-06 19:08:11 [INFO] Stats refresh: classAvg=5.67
2026-01-06 19:08:14 [INFO] Stats refresh: classAvg=5.67
2026-01-06 19:08:17 [INFO] Stats refresh: classAvg=5.67
2026-01-06 19:08:20 [INFO] Stats refresh: classAvg=5.67
2026-01-06 19:08:23 [INFO] Stats refresh: classAvg=5.67
2026-01-06 19:08:26 [INFO] Stats refresh: classAvg=5.67
2026-01-06 19:08:29 [INFO] Stats refresh: classAvg=5.67
2026-01-06 19:08:32 [INFO] Stats refresh: classAvg=5.67
2026-01-06 19:08:35 [INFO] Stats refresh: classAvg=5.67
2026-01-06 19:08:38 [INFO] Stats refresh: classAvg=5.67
2026-01-06 19:08:41 [INFO] Stats refresh: classAvg=5.67
2026-01-06 19:08:44 [INFO] Stats refresh: classAvg=5.67
2026-01-06 19:08:47 [INFO] Stats refresh: classAvg=5.67
2026-01-06 19:08:50 [INFO] Stats refresh: classAvg=5.67
2026-01-06 19:08:53 [INFO] Stats refresh: classAvg=5.67
2026-01-06 19:08:56 [INFO] Stats refresh: classAvg=5.67
2026-01-06 19:08:59 [INFO] Stats refresh: classAvg=5.67
2026-01-06 19:09:02 [INFO] Stats refresh: classAvg=5.67
2026-01-06 19:09:05 [INFO] Stats refresh: classAvg=5.67
2026-01-06 19:09:08 [INFO] Stats refresh: classAvg=5.67
2026-01-06 19:09:11 [INFO] Stats refresh: classAvg=5.67
2026-01-06 19:09:14 [INFO] Stats refresh: classAvg=5.67
2026-01-06 19:09:17 [INFO] Stats refresh: classAvg=5.67
2026-01-06 19:09:20 [INFO] Stats refresh: classAvg=5.67
2026-01-06 19:09:23 [INFO] Stats refresh: classAvg=5.67
2026-01-06 19:09:26 [INFO] Stats refresh: classAvg=5.67
2026-01-06 19:09:29 [INFO] Stats refresh: classAvg=5.67
2026-01-06 19:09:32 [INFO] Stats refresh: classAvg=5.67
2026-01-06 19:09:35 [INFO] Stats refresh: classAvg=5.67
2026-01-06 19:09:38 [INFO] Stats refresh: classAvg=5.67
2026-01-06 19:09:41 [INFO] Stats refresh: classAvg=5.67
2026-01-06 19:09:44 [INFO] Stats refresh: classAvg=5.67
2026-01-06 19:09:47 [INFO] Stats refresh: classAvg=5.67
2026-01-06 19:09:48 [INFO] Calculate GPA > requested for STU006 (lennox)
2026-01-06 19:09:48 [INFO] Calculate GPA > result for STU006: cumulative=0.00 rank=1/6
2026-01-06 19:09:50 [INFO] Stats refresh: classAvg=5.67
2026-01-06 19:09:53 [INFO] Stats refresh: classAvg=5.67
2026-01-06 19:09:56 [INFO] Stats refresh: classAvg=5.67
2026-01-06 19:09:59 [INFO] Stats refresh: classAvg=5.67
2026-01-06 19:10:02 [INFO] Stats refresh: classAvg=5.67
2026-01-06 19:10:05 [INFO] Stats refresh: classAvg=5.67
2026-01-06 19:10:08 [INFO] Stats refresh: classAvg=5.67
2026-01-06 19:10:11 [INFO] Stats refresh: classAvg=5.67
2026-01-06 19:10:14 [INFO] Stats refresh: classAvg=5.67
2026-01-06 19:10:17 [INFO] Stats refresh: classAvg=5.67
2026-01-06 19:10:20 [INFO] Stats refresh: classAvg=5.67
2026-01-06 19:10:23 [INFO] Stats refresh: classAvg=5.67
2026-01-06 19:10:26 [INFO] Stats refresh: classAvg=5.67
2026-01-06 19:10:29 [INFO] Stats refresh: classAvg=5.67
2026-01-06 19:10:32 [INFO] Stats refresh: classAvg=5.67
2026-01-06 19:10:35 [INFO] Stats refresh: classAvg=5.67
2026-01-06 19:10:38 [INFO] Stats refresh: classAvg=5.67
2026-01-06 19:10:41 [INFO] Stats refresh: classAvg=5.67
2026-01-06 19:10:44 [INFO] Stats refresh: classAvg=5.67
2026-01-06 19:10:47 [INFO] Stats refresh: classAvg=5.67
2026-01-06 19:10:50 [INFO] Stats refresh: classAvg=5.67
2026-01-06 19:10:53 [INFO] Stats refresh: classAvg=5.67
2026-01-06 19:10:56 [INFO] Stats refresh: classAvg=5.67
2026-01-06 19:10:59 [INFO] Stats refresh: classAvg=5.67
2026-01-06 19:11:02 [INFO] Stats refresh: classAvg=5.67
2026-01-06 19:11:05 [INFO] Stats refresh: classAvg=5.67
2026-01-06 19:11:08 [INFO] Stats refresh: classAvg=5.67
2026-01-06 19:11:11 [INFO] Stats refresh: classAvg=5.67
2026-01-06 19:11:14 [INFO] Stats refresh: classAvg=5.67
2026-01-06 19:11:17 [INFO] Stats refresh: classAvg=5.67
2026-01-06 19:11:20 [INFO] Stats refresh: classAvg=5.67
2026-01-06 19:11:23 [INFO] Stats refresh: classAvg=5.67
2026-01-06 19:11:26 [INFO] Stats refresh: classAvg=5.67
2026-01-06 19:11:29 [INFO] Stats refresh: classAvg=5.67
2026-01-06 19:11:32 [INFO] Stats refresh: classAvg=5.67
2026-01-06 19:11:35 [INFO] Stats refresh: classAvg=5.67
2026-01-06 19:11:38 [INFO] Stats refresh: classAvg=5.67
2026-01-06 19:11:41 [INFO] Stats refresh: classAvg=5.67
2026-01-06 19:11:44 [INFO] Stats refresh: classAvg=5.67
2026-01-06 19:11:47 [INFO] Stats refresh: classAvg=5.67
2026-01-06 19:11:50 [INFO] Stats refresh: classAvg=5.67
2026-01-06 19:11:53 [INFO] Stats refresh: classAvg=5.67
2026-01-06 19:11:56 [INFO] Stats refresh: classAvg=5.67
2026-01-06 19:11:59 [INFO] Stats refresh: classAvg=5.67
2026-01-06 19:12:02 [INFO] Stats refresh: classAvg=5.67
2026-01-06 19:12:05 [INFO] Stats refresh: classAvg=5.67
2026-01-06 19:12:08 [INFO] Stats refresh: classAvg=5.67
2026-01-06 19:12:11 [INFO] Stats refresh: classAvg=5.67
2026-01-06 19:12:14 [INFO] Stats refresh: classAvg=5.67
2026-01-06 19:12:17 [INFO] Stats refresh: classAvg=7.50
2026-01-06 19:12:20 [INFO] Stats refresh: classAvg=7.50
2026-01-06 19:12:23 [INFO] Stats refresh: classAvg=7.50
2026-01-06 19:12:26 [INFO] Stats refresh: classAvg=7.50
2026-01-06 19:12:29 [INFO] Stats refresh: classAvg=7.50
2026-01-06 19:12:32 [INFO] Stats refresh: classAvg=7.50
2026-01-06 19:12:35 [INFO] Stats refresh: classAvg=7.50
2026-01-06 19:12:38 [INFO] Stats refresh: classAvg=7.50
2026-01-06 19:12:41 [INFO] Stats refresh: classAvg=7.50
2026-01-06 19:12:44 [INFO] Stats refresh: classAvg=7.50
2026-01-06 19:12:47 [INFO] Stats refresh: classAvg=7.50
2026-01-06 19:12:50 [INFO] Stats refresh: classAvg=7.50
2026-01-06 19:12:53 [INFO] Stats refresh: classAvg=7.50
2026-01-06 19:12:56 [INFO] Stats refresh: classAvg=7.50
2026-01-06 19:12:59 [INFO] Stats refresh: classAvg=7.50
2026-01-06 19:13:02 [INFO] Stats refresh: classAvg=7.50
2026-01-06 19:13:05 [INFO] Stats refresh: classAvg=7.50
2026-01-06 19:13:05 [INFO] Add Student > STU007 (Honors Student) email=jee@gmail.com phone=0241109882 enrolled=2025-04-02
2026-01-06 19:13:08 [INFO] Stats refresh: classAvg=6.43
2026-01-06 19:13:11 [INFO] Stats refresh: classAvg=6.43
2026-01-06 19:13:14 [INFO] Stats refresh: classAvg=6.43
2026-01-06 19:13:17 [INFO] Stats refresh: classAvg=6.43
2026-01-06 19:13:20 [INFO] Stats refresh: classAvg=6.43
2026-01-06 19:13:23 [INFO] Stats refresh: classAvg=6.43
2026-01-06 19:13:26 [INFO] Stats refresh: classAvg=17.57
2026-01-06 19:13:29 [INFO] Stats refresh: classAvg=17.57
2026-01-06 19:13:32 [INFO] Stats refresh: classAvg=17.57
2026-01-06 19:13:35 [INFO] Stats refresh: classAvg=17.57
2026-01-06 19:13:38 [INFO] Stats refresh: classAvg=17.57
2026-01-06 19:13:41 [INFO] Stats refresh: classAvg=18.36
2026-01-06 19:13:44 [INFO] Stats refresh: classAvg=18.36
2026-01-06 19:13:47 [INFO] Stats refresh: classAvg=18.36
2026-01-06 19:13:50 [INFO] Stats refresh: classAvg=18.36
2026-01-06 19:13:53 [INFO] Stats refresh: classAvg=18.36
2026-01-06 19:13:56 [INFO] Stats refresh: classAvg=18.95
2026-01-06 19:13:59 [INFO] Stats refresh: classAvg=18.95
2026-01-06 19:14:02 [INFO] Stats refresh: classAvg=18.95
2026-01-06 19:14:05 [INFO] Stats refresh: classAvg=18.95
2026-01-06 19:14:08 [INFO] Stats refresh: classAvg=18.95
2026-01-06 19:14:11 [INFO] Stats refresh: classAvg=18.95
2026-01-06 19:14:14 [INFO] Stats refresh: classAvg=18.95
2026-01-06 19:14:17 [INFO] Stats refresh: classAvg=18.50
2026-01-06 19:14:20 [INFO] Stats refresh: classAvg=18.50
2026-01-06 19:14:23 [INFO] Stats refresh: classAvg=18.50
2026-01-06 19:14:26 [INFO] Stats refresh: classAvg=18.50
2026-01-06 19:14:29 [INFO] Stats refresh: classAvg=18.50
2026-01-06 19:14:32 [INFO] Stats refresh: classAvg=18.50
2026-01-06 19:14:35 [INFO] Stats refresh: classAvg=18.50
2026-01-06 19:14:38 [INFO] Stats refresh: classAvg=18.50
2026-01-06 19:14:41 [INFO] Stats refresh: classAvg=18.50
2026-01-06 19:14:44 [INFO] Stats refresh: classAvg=18.50
2026-01-06 19:14:47 [INFO] Stats refresh: classAvg=18.50
2026-01-06 19:14:50 [INFO] Stats refresh: classAvg=18.50
2026-01-06 19:14:53 [INFO] Stats refresh: classAvg=18.50
2026-01-06 19:14:56 [INFO] Stats refresh: classAvg=18.50
2026-01-06 19:14:59 [INFO] Stats refresh: classAvg=18.50
2026-01-06 19:15:02 [INFO] Stats refresh: classAvg=18.50
2026-01-06 19:15:05 [INFO] Stats refresh: classAvg=18.50
2026-01-06 19:15:08 [INFO] Stats refresh: classAvg=18.50
2026-01-06 19:15:11 [INFO] Stats refresh: classAvg=18.50
2026-01-06 19:15:14 [INFO] Stats refresh: classAvg=18.50
2026-01-06 19:15:17 [INFO] Stats refresh: classAvg=18.50
2026-01-06 19:15:20 [INFO] Stats refresh: classAvg=18.50
2026-01-06 19:15:23 [INFO] Stats refresh: classAvg=18.50
2026-01-06 19:15:26 [INFO] Stats refresh: classAvg=18.50
2026-01-06 19:15:29 [INFO] Stats refresh: classAvg=18.50
2026-01-06 19:15:32 [INFO] Stats refresh: classAvg=18.50
2026-01-06 19:15:35 [INFO] Stats refresh: classAvg=18.50
2026-01-06 19:15:38 [INFO] Stats refresh: classAvg=18.50
2026-01-06 19:15:41 [INFO] Stats refresh: classAvg=18.50
2026-01-06 19:15:42 [INFO] Batch done: total=7 timeMs=47 out=C:\Users\LennoxOwusuAfriyie\Desktop\StudentGradeManagementSystem\.\reports\batch_2026-01-06 size=5.4KB
2026-01-06 19:15:44 [INFO] Stats refresh: classAvg=18.50
2026-01-06 19:15:47 [INFO] Stats refresh: classAvg=18.50
2026-01-06 19:15:50 [INFO] Stats refresh: classAvg=18.50
2026-01-06 19:15:53 [INFO] Stats refresh: classAvg=18.50
2026-01-06 19:15:56 [INFO] Stats refresh: classAvg=18.50
2026-01-06 19:15:59 [INFO] Stats refresh: classAvg=18.50
2026-01-06 19:16:02 [INFO] Stats refresh: classAvg=18.50
2026-01-06 19:16:05 [INFO] Stats refresh: classAvg=18.50
2026-01-06 19:16:08 [INFO] Stats refresh: classAvg=18.50
2026-01-06 19:16:11 [INFO] Stats refresh: classAvg=18.50
2026-01-06 19:16:14 [INFO] Stats refresh: classAvg=18.50
2026-01-06 19:16:17 [INFO] Stats refresh: classAvg=18.50
2026-01-06 19:16:20 [INFO] Stats refresh: classAvg=18.50
2026-01-06 19:16:23 [INFO] Stats refresh: classAvg=18.50
2026-01-06 19:16:26 [INFO] Stats refresh: classAvg=18.50
2026-01-06 19:16:29 [INFO] Stats refresh: classAvg=18.50
2026-01-06 19:16:32 [INFO] Stats refresh: classAvg=18.50
2026-01-06 19:16:35 [INFO] Stats refresh: classAvg=18.50
2026-01-06 19:16:38 [INFO] Stats refresh: classAvg=18.50
2026-01-06 19:16:41 [INFO] Stats refresh: classAvg=18.50
2026-01-06 19:16:44 [INFO] Stats refresh: classAvg=18.50
2026-01-06 19:16:47 [INFO] Stats refresh: classAvg=18.50
2026-01-06 19:16:50 [INFO] Stats refresh: classAvg=18.50
2026-01-06 19:16:53 [INFO] Stats refresh: classAvg=18.50
2026-01-06 19:16:56 [INFO] Stats refresh: classAvg=18.50
2026-01-06 19:16:59 [INFO] Stats refresh: classAvg=18.50
2026-01-06 19:17:02 [INFO] Stats refresh: classAvg=18.50
2026-01-06 19:17:05 [INFO] Stats refresh: classAvg=18.50
2026-01-06 19:17:08 [INFO] Stats refresh: classAvg=18.50
2026-01-06 19:17:11 [INFO] Stats refresh: classAvg=18.50
2026-01-06 19:17:14 [INFO] Stats refresh: classAvg=18.50
2026-01-06 19:17:17 [INFO] Stats refresh: classAvg=18.50
2026-01-06 19:17:20 [INFO] Stats refresh: classAvg=18.50
2026-01-06 19:17:23 [INFO] Stats refresh: classAvg=18.50
2026-01-06 19:17:26 [INFO] Stats refresh: classAvg=18.50
2026-01-06 19:17:29 [INFO] Stats refresh: classAvg=18.50
2026-01-06 19:17:29 [INFO] Batch done: total=4 timeMs=2 out=C:\Users\LennoxOwusuAfriyie\Desktop\StudentGradeManagementSystem\.\reports\batch_2026-01-06 size=5.4KB
2026-01-06 19:17:32 [INFO] Stats refresh: classAvg=18.50
2026-01-06 19:17:35 [INFO] Stats refresh: classAvg=18.50
2026-01-06 19:17:38 [INFO] Stats refresh: classAvg=18.50
2026-01-06 19:17:41 [INFO] Stats refresh: classAvg=18.50
2026-01-06 19:17:44 [INFO] Stats refresh: classAvg=18.50
2026-01-06 19:17:47 [INFO] Stats refresh: classAvg=18.50
2026-01-06 19:17:50 [INFO] Stats refresh: classAvg=18.50
2026-01-06 19:17:53 [INFO] Stats refresh: classAvg=18.50
2026-01-06 19:17:56 [INFO] Stats refresh: classAvg=18.50
2026-01-06 19:17:59 [INFO] Stats refresh: classAvg=18.50
2026-01-06 19:18:02 [INFO] Stats refresh: classAvg=18.50
2026-01-06 19:18:05 [INFO] Stats refresh: classAvg=18.50
2026-01-06 19:18:08 [INFO] Stats refresh: classAvg=18.50
2026-01-06 19:18:11 [INFO] Stats refresh: classAvg=18.50
2026-01-06 19:18:14 [INFO] Stats refresh: classAvg=18.50
2026-01-06 19:18:17 [INFO] Stats refresh: classAvg=18.50
2026-01-06 19:18:20 [INFO] Stats refresh: classAvg=18.50
2026-01-06 19:18:23 [INFO] Stats refresh: classAvg=18.50
2026-01-06 19:18:26 [INFO] Stats refresh: classAvg=18.50
2026-01-06 19:18:29 [INFO] Stats refresh: classAvg=18.50
2026-01-06 19:18:32 [INFO] Stats refresh: classAvg=18.50
2026-01-06 19:18:35 [INFO] Stats refresh: classAvg=18.50
2026-01-06 19:18:38 [INFO] Stats refresh: classAvg=18.50
2026-01-06 19:18:41 [INFO] Stats refresh: classAvg=18.50
2026-01-06 19:18:44 [INFO] Stats refresh: classAvg=18.50
2026-01-06 19:18:47 [INFO] Stats refresh: classAvg=18.50
2026-01-06 19:18:50 [INFO] Stats refresh: classAvg=18.50
2026-01-06 19:18:53 [INFO] Stats refresh: classAvg=18.50
2026-01-06 19:18:56 [INFO] Stats refresh: classAvg=18.50
2026-01-06 19:18:59 [INFO] Stats refresh: classAvg=18.50
2026-01-06 19:19:02 [INFO] Stats refresh: classAvg=18.50
2026-01-06 19:19:05 [INFO] Stats refresh: classAvg=18.50
2026-01-06 19:19:08 [INFO] Stats refresh: classAvg=18.50
2026-01-06 19:19:11 [INFO] Stats refresh: classAvg=18.50
2026-01-06 19:19:14 [INFO] Stats refresh: classAvg=18.50
2026-01-06 19:19:18 [INFO] Stats refresh: classAvg=18.50
2026-01-06 19:19:20 [INFO] Stats refresh: classAvg=18.50
2026-01-06 19:19:23 [INFO] Stats refresh: classAvg=18.50
2026-01-06 19:19:26 [INFO] Stats refresh: classAvg=18.50
2026-01-06 19:19:29 [INFO] Stats refresh: classAvg=18.50
2026-01-06 19:19:32 [INFO] Stats refresh: classAvg=18.50
2026-01-06 19:19:35 [INFO] Stats refresh: classAvg=18.50
2026-01-06 19:19:36 [INFO] Batch done: total=7 timeMs=13 out=C:\Users\LennoxOwusuAfriyie\Desktop\StudentGradeManagementSystem\.\reports\batch_2026-01-06 size=5.4KB
2026-01-06 19:19:38 [INFO] Stats refresh: classAvg=18.50
2026-01-06 19:19:41 [INFO] Stats refresh: classAvg=18.50
2026-01-06 19:19:44 [INFO] Stats refresh: classAvg=18.50
2026-01-06 19:19:47 [INFO] Stats refresh: classAvg=18.50
2026-01-06 19:19:50 [INFO] Stats refresh: classAvg=18.50
2026-01-06 19:19:53 [INFO] Stats refresh: classAvg=18.50
2026-01-06 19:19:56 [INFO] Stats refresh: classAvg=18.50
2026-01-06 19:19:59 [INFO] Stats refresh: classAvg=18.50
2026-01-06 19:20:02 [INFO] Stats refresh: classAvg=18.50
2026-01-06 19:20:05 [INFO] Stats refresh: classAvg=18.50
2026-01-06 19:20:08 [INFO] Stats refresh: classAvg=18.50
2026-01-06 19:20:11 [INFO] Stats refresh: classAvg=18.50
2026-01-06 19:20:14 [INFO] Stats refresh: classAvg=18.50
2026-01-06 19:20:17 [INFO] Stats refresh: classAvg=18.50
2026-01-06 19:20:20 [INFO] Stats refresh: classAvg=18.50
2026-01-06 19:20:23 [INFO] Stats refresh: classAvg=18.50
2026-01-06 19:20:26 [INFO] Stats refresh: classAvg=18.50
2026-01-06 19:20:29 [INFO] Stats refresh: classAvg=18.50
2026-01-06 19:20:32 [INFO] Stats refresh: classAvg=18.50
2026-01-06 19:20:35 [INFO] Stats refresh: classAvg=18.50
2026-01-06 19:20:38 [INFO] Stats refresh: classAvg=18.50
2026-01-06 19:20:41 [INFO] Stats refresh: classAvg=18.50
2026-01-06 19:20:44 [INFO] Stats refresh: classAvg=18.50
2026-01-06 19:20:47 [INFO] Stats refresh: classAvg=18.50
2026-01-06 19:20:50 [INFO] Stats refresh: classAvg=18.50
2026-01-06 19:20:53 [INFO] Stats refresh: classAvg=18.50
2026-01-06 19:20:56 [INFO] Stats refresh: classAvg=18.50
2026-01-06 19:20:59 [INFO] Stats refresh: classAvg=18.50
2026-01-06 19:21:02 [INFO] Stats refresh: classAvg=18.50
2026-01-06 19:21:05 [INFO] Stats refresh: classAvg=18.50
2026-01-06 19:21:08 [INFO] Stats refresh: classAvg=18.50
2026-01-06 19:21:11 [INFO] Stats refresh: classAvg=18.50
2026-01-06 19:21:14 [INFO] Stats refresh: classAvg=18.50
2026-01-06 19:21:17 [INFO] Stats refresh: classAvg=18.50
2026-01-06 19:21:20 [INFO] Stats refresh: classAvg=18.50
2026-01-06 19:21:23 [INFO] Stats refresh: classAvg=18.50
2026-01-06 19:21:26 [INFO] Stats refresh: classAvg=18.50
2026-01-06 19:21:29 [INFO] Stats refresh: classAvg=18.50
2026-01-06 19:21:32 [INFO] Stats refresh: classAvg=18.50
2026-01-06 19:21:35 [INFO] Stats refresh: classAvg=18.50
2026-01-06 19:21:38 [INFO] Stats refresh: classAvg=18.50
2026-01-06 19:21:41 [INFO] Stats refresh: classAvg=18.50
2026-01-06 19:21:44 [INFO] Stats refresh: classAvg=18.50
2026-01-06 19:21:47 [INFO] Stats refresh: classAvg=18.50
2026-01-06 19:21:50 [INFO] Stats refresh: classAvg=18.50
2026-01-06 19:21:53 [INFO] Stats refresh: classAvg=18.50
2026-01-06 19:21:56 [INFO] Stats refresh: classAvg=18.50
2026-01-06 19:21:59 [INFO] Stats refresh: classAvg=18.50
2026-01-06 19:22:02 [INFO] Stats refresh: classAvg=18.50
2026-01-06 19:22:05 [INFO] Stats refresh: classAvg=18.50
2026-01-06 19:22:08 [INFO] Stats refresh: classAvg=18.50
2026-01-06 19:22:11 [INFO] Stats refresh: classAvg=18.50
2026-01-06 19:22:14 [INFO] Stats refresh: classAvg=18.50
2026-01-06 19:22:17 [INFO] Stats refresh: classAvg=18.50
2026-01-06 19:22:20 [INFO] Stats refresh: classAvg=18.50
2026-01-06 19:22:23 [INFO] Stats refresh: classAvg=18.50
2026-01-06 19:22:26 [INFO] Stats refresh: classAvg=18.50
2026-01-06 19:22:29 [INFO] Stats refresh: classAvg=18.50
2026-01-06 19:22:32 [INFO] Stats refresh: classAvg=18.50
2026-01-06 19:22:35 [INFO] Stats refresh: classAvg=18.50
2026-01-06 19:22:38 [INFO] Stats refresh: classAvg=18.50
2026-01-06 19:22:41 [INFO] Stats refresh: classAvg=18.50
2026-01-06 19:22:44 [INFO] Stats refresh: classAvg=18.50
2026-01-06 19:22:47 [INFO] Stats refresh: classAvg=18.50
2026-01-06 19:22:50 [INFO] Stats refresh: classAvg=18.50
2026-01-06 19:22:53 [INFO] Stats refresh: classAvg=18.50
2026-01-06 19:22:56 [INFO] Stats refresh: classAvg=18.50
2026-01-06 19:22:59 [INFO] Stats refresh: classAvg=18.50
2026-01-06 19:23:02 [INFO] Stats refresh: classAvg=18.50
2026-01-06 19:23:05 [INFO] Stats refresh: classAvg=18.50
2026-01-06 19:23:08 [INFO] Stats refresh: classAvg=18.50
2026-01-06 19:23:11 [INFO] Stats refresh: classAvg=18.50
2026-01-06 19:23:14 [INFO] Stats refresh: classAvg=18.50
2026-01-06 19:23:17 [INFO] Stats refresh: classAvg=18.50
2026-01-06 19:23:20 [INFO] Stats refresh: classAvg=18.50
2026-01-06 19:23:23 [INFO] Stats refresh: classAvg=18.50
2026-01-06 19:23:26 [INFO] Stats refresh: classAvg=18.50
2026-01-06 19:23:29 [INFO] Stats refresh: classAvg=18.50
2026-01-06 19:23:32 [INFO] Stats refresh: classAvg=18.50
2026-01-06 19:23:35 [INFO] Stats refresh: classAvg=18.50
2026-01-06 19:23:38 [INFO] Stats refresh: classAvg=18.50
2026-01-06 19:23:41 [INFO] Stats refresh: classAvg=18.50
2026-01-06 19:23:44 [INFO] Stats refresh: classAvg=18.50
2026-01-06 19:23:47 [INFO] Stats refresh: classAvg=18.50
2026-01-06 19:23:50 [INFO] Stats refresh: classAvg=18.50
2026-01-06 19:23:53 [INFO] Stats refresh: classAvg=18.50
2026-01-06 19:23:56 [INFO] Stats refresh: classAvg=18.50
2026-01-06 19:23:59 [INFO] Stats refresh: classAvg=18.50
2026-01-06 19:24:02 [INFO] Stats refresh: classAvg=18.50
2026-01-06 19:24:05 [INFO] Stats refresh: classAvg=18.50
2026-01-06 19:24:08 [INFO] Stats refresh: classAvg=18.50
2026-01-06 19:24:11 [INFO] Stats refresh: classAvg=18.50
2026-01-06 19:24:14 [INFO] Stats refresh: classAvg=18.50
2026-01-06 19:24:17 [INFO] Stats refresh: classAvg=18.50
2026-01-06 19:24:20 [INFO] Stats refresh: classAvg=18.50
2026-01-06 19:24:23 [INFO] Stats refresh: classAvg=18.50
2026-01-06 19:24:26 [INFO] Stats refresh: classAvg=18.50
2026-01-06 19:24:29 [INFO] Stats refresh: classAvg=18.50
2026-01-06 19:24:32 [INFO] Stats refresh: classAvg=18.50
2026-01-06 19:24:35 [INFO] Stats refresh: classAvg=18.50
2026-01-06 19:24:38 [INFO] Stats refresh: classAvg=18.50
2026-01-06 19:24:41 [INFO] Stats refresh: classAvg=18.50
2026-01-06 19:24:44 [INFO] Stats refresh: classAvg=18.50
2026-01-06 19:24:47 [INFO] Stats refresh: classAvg=18.50
2026-01-06 19:24:50 [INFO] Stats refresh: classAvg=18.50
2026-01-06 19:24:53 [INFO] Stats refresh: classAvg=18.50
2026-01-06 19:24:56 [INFO] Stats refresh: classAvg=18.50
2026-01-06 19:24:59 [INFO] Stats refresh: classAvg=18.50
2026-01-06 19:25:02 [INFO] Stats refresh: classAvg=18.50
2026-01-06 19:25:05 [INFO] Stats refresh: classAvg=18.50
2026-01-06 19:25:08 [INFO] Stats refresh: classAvg=18.50
2026-01-06 19:25:11 [INFO] Stats refresh: classAvg=18.50
2026-01-06 19:25:14 [INFO] Stats refresh: classAvg=18.50
2026-01-06 19:25:17 [INFO] Stats refresh: classAvg=18.50
2026-01-06 19:25:20 [INFO] Stats refresh: classAvg=18.50
2026-01-06 19:25:23 [INFO] Stats refresh: classAvg=18.50
2026-01-06 19:25:26 [INFO] Stats refresh: classAvg=18.50
2026-01-06 19:25:29 [INFO] Stats refresh: classAvg=18.50
2026-01-06 19:25:32 [INFO] Stats refresh: classAvg=18.50
2026-01-06 19:25:35 [INFO] Stats refresh: classAvg=18.50
2026-01-06 19:25:38 [INFO] Stats refresh: classAvg=18.50
2026-01-06 19:25:41 [INFO] Stats refresh: classAvg=18.50
2026-01-06 19:25:44 [INFO] Stats refresh: classAvg=18.50
2026-01-06 19:25:47 [INFO] Stats refresh: classAvg=18.50
2026-01-06 19:25:50 [INFO] Stats refresh: classAvg=18.50
2026-01-06 19:25:53 [INFO] Stats refresh: classAvg=18.50
2026-01-06 19:25:56 [INFO] Stats refresh: classAvg=18.50
2026-01-06 19:25:59 [INFO] Stats refresh: classAvg=18.50
2026-01-06 19:26:02 [INFO] Stats refresh: classAvg=18.50
2026-01-06 19:26:05 [INFO] Stats refresh: classAvg=18.50
2026-01-06 19:26:08 [INFO] Stats refresh: classAvg=18.50
2026-01-06 19:26:11 [INFO] Stats refresh: classAvg=18.50
2026-01-06 19:26:14 [INFO] Stats refresh: classAvg=18.50
2026-01-06 19:26:17 [INFO] Stats refresh: classAvg=18.50
2026-01-06 19:26:20 [INFO] Stats refresh: classAvg=18.50
2026-01-06 19:26:23 [INFO] Stats refresh: classAvg=18.50
2026-01-06 19:26:26 [INFO] Stats refresh: classAvg=18.50
2026-01-06 19:26:29 [INFO] Stats refresh: classAvg=18.50
2026-01-06 19:26:32 [INFO] Stats refresh: classAvg=18.50
2026-01-06 19:26:35 [INFO] Stats refresh: classAvg=18.50
2026-01-06 19:26:38 [INFO] Stats refresh: classAvg=18.50
2026-01-06 19:26:41 [INFO] Stats refresh: classAvg=18.50
2026-01-06 19:26:44 [INFO] Stats refresh: classAvg=18.50
2026-01-06 19:26:47 [INFO] Stats refresh: classAvg=18.50
2026-01-06 19:26:50 [INFO] Stats refresh: classAvg=18.50
2026-01-06 19:26:53 [INFO] Stats refresh: classAvg=18.50
2026-01-06 19:26:56 [INFO] Stats refresh: classAvg=18.50
2026-01-06 19:26:59 [INFO] Stats refresh: classAvg=18.50
2026-01-06 19:27:02 [INFO] Stats refresh: classAvg=18.50
2026-01-06 19:27:05 [INFO] Stats refresh: classAvg=18.50
2026-01-06 19:27:08 [INFO] Stats refresh: classAvg=18.50
2026-01-06 19:27:11 [INFO] Stats refresh: classAvg=18.50
2026-01-06 19:27:14 [INFO] Stats refresh: classAvg=18.50
2026-01-06 19:27:17 [INFO] Stats refresh: classAvg=18.50
2026-01-06 19:27:20 [INFO] Stats refresh: classAvg=18.50
2026-01-06 19:27:23 [INFO] Stats refresh: classAvg=18.50
2026-01-06 19:27:26 [INFO] Stats refresh: classAvg=18.50
2026-01-06 19:27:29 [INFO] Stats refresh: classAvg=18.50
2026-01-06 19:27:32 [INFO] Stats refresh: classAvg=18.50
2026-01-06 19:27:35 [INFO] Stats refresh: classAvg=18.50
2026-01-06 19:27:38 [INFO] Stats refresh: classAvg=18.50
2026-01-06 19:27:41 [INFO] Stats refresh: classAvg=18.50
2026-01-06 19:27:44 [INFO] Stats refresh: classAvg=18.50
2026-01-06 19:27:47 [INFO] Stats refresh: classAvg=18.50
2026-01-06 19:27:50 [INFO] Stats refresh: classAvg=18.50
2026-01-06 19:27:53 [INFO] Stats refresh: classAvg=18.50
2026-01-06 19:27:56 [INFO] Stats refresh: classAvg=18.50
2026-01-06 19:27:59 [INFO] Stats refresh: classAvg=18.50
2026-01-06 19:28:02 [INFO] Stats refresh: classAvg=18.50
2026-01-06 19:28:05 [INFO] Stats refresh: classAvg=18.50
2026-01-06 19:28:08 [INFO] Stats refresh: classAvg=18.50
2026-01-06 19:28:11 [INFO] Stats refresh: classAvg=18.50
2026-01-06 19:28:14 [INFO] Stats refresh: classAvg=18.50
2026-01-06 19:28:17 [INFO] Stats refresh: classAvg=18.50
2026-01-06 19:28:20 [INFO] Stats refresh: classAvg=18.50
2026-01-06 19:28:23 [INFO] Stats refresh: classAvg=18.50
2026-01-06 19:28:26 [INFO] Stats refresh: classAvg=18.50
2026-01-06 19:28:30 [INFO] Stats refresh: classAvg=18.50
2026-01-06 19:28:32 [INFO] Stats refresh: classAvg=18.50
2026-01-06 19:28:35 [INFO] Stats refresh: classAvg=18.50
2026-01-06 19:28:38 [INFO] Stats refresh: classAvg=18.50
2026-01-06 19:28:41 [INFO] Stats refresh: classAvg=18.50
2026-01-06 19:28:44 [INFO] Stats refresh: classAvg=18.50
2026-01-06 19:28:47 [INFO] Stats refresh: classAvg=18.50
2026-01-06 19:28:50 [INFO] Stats refresh: classAvg=18.50
2026-01-06 19:28:53 [INFO] Stats refresh: classAvg=18.50
2026-01-06 19:28:56 [INFO] Stats refresh: classAvg=18.50
2026-01-06 19:28:59 [INFO] Stats refresh: classAvg=18.50
2026-01-06 19:29:02 [INFO] Stats refresh: classAvg=18.50
2026-01-06 19:29:05 [INFO] Stats refresh: classAvg=18.50
2026-01-06 19:29:08 [INFO] Stats refresh: classAvg=18.50
2026-01-06 19:29:11 [INFO] Stats refresh: classAvg=18.50
2026-01-06 19:29:14 [INFO] Stats refresh: classAvg=18.50
2026-01-06 19:29:17 [INFO] Stats refresh: classAvg=18.50
2026-01-06 19:29:20 [INFO] Stats refresh: classAvg=18.50
2026-01-06 19:29:23 [INFO] Stats refresh: classAvg=18.50
2026-01-06 19:29:26 [INFO] Stats refresh: classAvg=18.50
2026-01-06 19:29:29 [INFO] Stats refresh: classAvg=18.50
2026-01-06 19:29:32 [INFO] Stats refresh: classAvg=18.50
2026-01-06 19:29:35 [INFO] Stats refresh: classAvg=18.50
2026-01-06 19:29:38 [INFO] Stats refresh: classAvg=18.50
2026-01-06 19:29:41 [INFO] Stats refresh: classAvg=18.50
2026-01-06 19:29:44 [INFO] Stats refresh: classAvg=18.50
2026-01-06 19:29:47 [INFO] Stats refresh: classAvg=18.50
2026-01-06 19:29:50 [INFO] Stats refresh: classAvg=18.50
2026-01-06 19:29:53 [INFO] Stats refresh: classAvg=18.50
2026-01-06 19:29:56 [INFO] Stats refresh: classAvg=18.50
2026-01-06 19:29:59 [INFO] Stats refresh: classAvg=18.50
2026-01-06 19:30:02 [INFO] Stats refresh: classAvg=18.50
2026-01-06 19:30:05 [INFO] Stats refresh: classAvg=18.50
2026-01-06 19:30:08 [INFO] Stats refresh: classAvg=18.50
2026-01-06 19:30:11 [INFO] Stats refresh: classAvg=18.50
2026-01-06 19:30:14 [INFO] Stats refresh: classAvg=18.50
2026-01-06 19:30:17 [INFO] Stats refresh: classAvg=18.50
2026-01-06 19:30:20 [INFO] Stats refresh: classAvg=18.50
2026-01-06 19:30:23 [INFO] Stats refresh: classAvg=18.50
2026-01-06 19:30:26 [INFO] Stats refresh: classAvg=18.50
2026-01-06 19:30:29 [INFO] Stats refresh: classAvg=18.50
2026-01-06 19:30:32 [INFO] Stats refresh: classAvg=18.50
2026-01-06 19:30:35 [INFO] Stats refresh: classAvg=18.50
2026-01-06 19:30:38 [INFO] Stats refresh: classAvg=18.50
2026-01-06 19:30:41 [INFO] Stats refresh: classAvg=18.50
2026-01-06 19:30:44 [INFO] Stats refresh: classAvg=18.50
2026-01-06 19:30:47 [INFO] Stats refresh: classAvg=18.50
2026-01-06 19:30:50 [INFO] Stats refresh: classAvg=18.50
2026-01-06 19:30:53 [INFO] Stats refresh: classAvg=18.50
2026-01-06 19:30:56 [INFO] Stats refresh: classAvg=18.50
2026-01-06 19:30:59 [INFO] Stats refresh: classAvg=18.50
2026-01-06 19:31:02 [INFO] Stats refresh: classAvg=18.50
2026-01-06 19:31:05 [INFO] Stats refresh: classAvg=18.50
2026-01-06 19:31:08 [INFO] Stats refresh: classAvg=18.50
2026-01-06 19:31:11 [INFO] Stats refresh: classAvg=18.50
2026-01-06 19:31:14 [INFO] Stats refresh: classAvg=18.50
2026-01-06 19:31:17 [INFO] Stats refresh: classAvg=18.50
2026-01-06 19:31:20 [INFO] Stats refresh: classAvg=18.50
2026-01-06 19:31:23 [INFO] Stats refresh: classAvg=18.50
2026-01-06 19:31:26 [INFO] Stats refresh: classAvg=18.50
2026-01-06 19:31:29 [INFO] Stats refresh: classAvg=18.50
2026-01-06 19:31:32 [INFO] Stats refresh: classAvg=18.50
2026-01-06 19:31:35 [INFO] Stats refresh: classAvg=18.50
2026-01-06 19:31:38 [INFO] Stats refresh: classAvg=18.50
2026-01-06 19:31:41 [INFO] Stats refresh: classAvg=18.50
2026-01-06 19:31:44 [INFO] Stats refresh: classAvg=18.50
2026-01-06 19:31:47 [INFO] Stats refresh: classAvg=18.50
2026-01-09 07:20:47 [INFO] Stats refresh: classAvg=0.00
2026-01-09 07:20:50 [INFO] Stats refresh: classAvg=0.00
2026-01-09 07:20:53 [INFO] Stats refresh: classAvg=0.00
2026-01-09 07:20:56 [INFO] Stats refresh: classAvg=0.00
2026-01-09 07:20:59 [INFO] Stats refresh: classAvg=0.00
2026-01-09 07:21:02 [INFO] Stats refresh: classAvg=0.00
2026-01-09 07:21:05 [INFO] Stats refresh: classAvg=0.00
2026-01-09 07:21:08 [INFO] Stats refresh: classAvg=0.00
2026-01-09 07:21:11 [INFO] Stats refresh: classAvg=0.00
2026-01-09 07:21:14 [INFO] Stats refresh: classAvg=0.00
2026-01-09 07:21:17 [INFO] Stats refresh: classAvg=0.00
2026-01-09 07:21:20 [INFO] Stats refresh: classAvg=0.00
2026-01-09 07:21:23 [INFO] Stats refresh: classAvg=0.00
2026-01-09 07:21:26 [INFO] Stats refresh: classAvg=0.00
2026-01-09 07:21:29 [INFO] Stats refresh: classAvg=0.00
2026-01-09 07:21:32 [INFO] Stats refresh: classAvg=0.00
2026-01-09 07:21:35 [INFO] Stats refresh: classAvg=0.00
2026-01-09 07:21:38 [INFO] Stats refresh: classAvg=0.00
2026-01-09 07:21:41 [INFO] Stats refresh: classAvg=0.00
2026-01-09 07:21:44 [INFO] Stats refresh: classAvg=0.00
2026-01-09 07:21:47 [INFO] Stats refresh: classAvg=0.00
2026-01-09 07:21:50 [INFO] Stats refresh: classAvg=0.00
2026-01-09 07:21:53 [INFO] Stats refresh: classAvg=0.00
2026-01-09 07:21:56 [INFO] Stats refresh: classAvg=0.00
2026-01-09 07:21:59 [INFO] Stats refresh: classAvg=0.00
2026-01-09 07:22:02 [INFO] Stats refresh: classAvg=0.00
2026-01-09 07:22:05 [INFO] Stats refresh: classAvg=0.00
2026-01-09 07:22:08 [INFO] Stats refresh: classAvg=0.00
2026-01-09 07:22:11 [INFO] Stats refresh: classAvg=0.00
2026-01-09 07:22:14 [INFO] Stats refresh: classAvg=0.00
2026-01-09 07:22:17 [INFO] Stats refresh: classAvg=0.00
2026-01-09 07:22:20 [INFO] Stats refresh: classAvg=0.00
2026-01-09 07:22:23 [INFO] Stats refresh: classAvg=0.00
2026-01-09 07:22:26 [INFO] Stats refresh: classAvg=0.00
2026-01-09 07:22:29 [INFO] Stats refresh: classAvg=0.00
2026-01-09 07:22:32 [INFO] Stats refresh: classAvg=0.00
2026-01-09 07:22:35 [INFO] Stats refresh: classAvg=0.00
2026-01-09 07:22:38 [INFO] Stats refresh: classAvg=0.00
2026-01-09 07:22:41 [INFO] Stats refresh: classAvg=0.00
2026-01-09 07:22:44 [INFO] Stats refresh: classAvg=0.00
2026-01-09 07:22:47 [INFO] Stats refresh: classAvg=0.00
2026-01-09 07:22:50 [INFO] Stats refresh: classAvg=0.00
2026-01-09 07:22:53 [INFO] Stats refresh: classAvg=0.00
2026-01-09 07:22:56 [INFO] Stats refresh: classAvg=0.00
2026-01-09 07:22:59 [INFO] Stats refresh: classAvg=0.00
2026-01-09 07:23:02 [INFO] Stats refresh: classAvg=0.00
2026-01-09 07:23:05 [INFO] Stats refresh: classAvg=0.00
2026-01-09 07:23:08 [INFO] Stats refresh: classAvg=0.00
2026-01-09 07:23:11 [INFO] Stats refresh: classAvg=0.00
2026-01-09 07:23:14 [INFO] Stats refresh: classAvg=0.00
2026-01-09 07:23:17 [INFO] Stats refresh: classAvg=0.00
2026-01-09 07:23:20 [INFO] Stats refresh: classAvg=0.00
2026-01-09 07:23:23 [INFO] Stats refresh: classAvg=0.00
2026-01-09 07:23:26 [INFO] Stats refresh: classAvg=0.00
2026-01-09 07:23:29 [INFO] Stats refresh: classAvg=0.00
2026-01-09 07:23:32 [INFO] Stats refresh: classAvg=0.00
2026-01-09 07:23:35 [INFO] Stats refresh: classAvg=0.00
2026-01-09 07:23:38 [INFO] Stats refresh: classAvg=0.00
2026-01-09 07:23:41 [INFO] Stats refresh: classAvg=0.00
2026-01-09 07:23:44 [INFO] Stats refresh: classAvg=0.00
2026-01-09 07:23:47 [INFO] Stats refresh: classAvg=0.00
2026-01-09 07:23:50 [INFO] Stats refresh: classAvg=0.00
2026-01-09 07:23:53 [INFO] Stats refresh: classAvg=0.00
2026-01-09 07:23:56 [INFO] Stats refresh: classAvg=0.00
2026-01-09 07:23:59 [INFO] Stats refresh: classAvg=0.00
2026-01-09 07:24:02 [INFO] Stats refresh: classAvg=0.00
2026-01-09 07:24:05 [INFO] Stats refresh: classAvg=0.00
2026-01-09 07:24:08 [INFO] Stats refresh: classAvg=0.00
2026-01-09 07:24:11 [INFO] Stats refresh: classAvg=0.00
2026-01-09 07:24:14 [INFO] Stats refresh: classAvg=0.00
2026-01-09 07:24:17 [INFO] Stats refresh: classAvg=0.00
2026-01-09 07:24:20 [INFO] Stats refresh: classAvg=0.00
2026-01-09 07:24:23 [INFO] Stats refresh: classAvg=0.00
2026-01-09 07:24:26 [INFO] Stats refresh: classAvg=0.00
2026-01-09 07:24:29 [INFO] Stats refresh: classAvg=0.00
2026-01-09 07:24:32 [INFO] Stats refresh: classAvg=0.00
2026-01-09 07:24:35 [INFO] Stats refresh: classAvg=0.00
2026-01-09 07:24:38 [INFO] Stats refresh: classAvg=0.00
2026-01-09 07:24:41 [INFO] Stats refresh: classAvg=0.00
2026-01-09 07:24:44 [INFO] Stats refresh: classAvg=0.00
2026-01-09 07:24:47 [INFO] Stats refresh: classAvg=0.00
2026-01-09 07:24:50 [INFO] Stats refresh: classAvg=0.00
2026-01-09 07:24:53 [INFO] Stats refresh: classAvg=0.00
2026-01-09 07:24:56 [INFO] Stats refresh: classAvg=0.00
2026-01-09 07:24:59 [INFO] Stats refresh: classAvg=0.00
2026-01-09 07:25:02 [INFO] Stats refresh: classAvg=0.00
2026-01-09 07:25:05 [INFO] Stats refresh: classAvg=0.00
2026-01-09 07:25:08 [INFO] Stats refresh: classAvg=0.00
2026-01-09 07:25:11 [INFO] Stats refresh: classAvg=0.00
2026-01-09 07:25:14 [INFO] Stats refresh: classAvg=0.00
2026-01-09 07:25:17 [INFO] Stats refresh: classAvg=0.00
2026-01-09 07:25:20 [INFO] Stats refresh: classAvg=0.00
2026-01-09 07:25:23 [INFO] Stats refresh: classAvg=0.00
2026-01-09 07:25:26 [INFO] Stats refresh: classAvg=0.00
2026-01-09 07:25:29 [INFO] Stats refresh: classAvg=0.00
2026-01-09 07:25:32 [INFO] Stats refresh: classAvg=0.00
2026-01-09 07:25:35 [INFO] Stats refresh: classAvg=0.00
2026-01-09 07:25:38 [INFO] Stats refresh: classAvg=0.00
2026-01-09 07:25:41 [INFO] Stats refresh: classAvg=0.00
2026-01-09 07:25:44 [INFO] Stats refresh: classAvg=0.00
2026-01-09 07:25:47 [INFO] Stats refresh: classAvg=0.00
2026-01-09 07:25:50 [INFO] Stats refresh: classAvg=0.00
2026-01-09 07:25:53 [INFO] Stats refresh: classAvg=0.00
2026-01-09 07:25:56 [INFO] Stats refresh: classAvg=0.00
2026-01-09 07:25:59 [INFO] Stats refresh: classAvg=0.00
2026-01-09 07:26:02 [INFO] Stats refresh: classAvg=0.00
2026-01-09 07:26:05 [INFO] Stats refresh: classAvg=0.00
2026-01-09 07:26:08 [INFO] Stats refresh: classAvg=0.00
2026-01-09 07:26:11 [INFO] Stats refresh: classAvg=0.00
2026-01-09 07:26:14 [INFO] Stats refresh: classAvg=0.00
2026-01-09 07:26:17 [INFO] Stats refresh: classAvg=0.00
2026-01-09 07:26:20 [INFO] Stats refresh: classAvg=0.00
2026-01-09 07:26:23 [INFO] Stats refresh: classAvg=0.00
2026-01-09 07:26:26 [INFO] Stats refresh: classAvg=0.00
2026-01-09 07:26:29 [INFO] Stats refresh: classAvg=0.00
2026-01-09 07:26:32 [INFO] Stats refresh: classAvg=0.00
2026-01-09 07:26:35 [INFO] Stats refresh: classAvg=0.00
2026-01-09 07:26:38 [INFO] Stats refresh: classAvg=0.00
2026-01-09 07:26:41 [INFO] Stats refresh: classAvg=0.00
2026-01-09 07:26:44 [INFO] Stats refresh: classAvg=0.00
2026-01-09 07:26:47 [INFO] Stats refresh: classAvg=0.00
2026-01-09 07:26:50 [INFO] Stats refresh: classAvg=0.00
2026-01-09 07:26:53 [INFO] Stats refresh: classAvg=0.00
2026-01-09 07:26:56 [INFO] Stats refresh: classAvg=0.00
2026-01-09 07:26:59 [INFO] Stats refresh: classAvg=0.00
2026-01-09 07:27:02 [INFO] Stats refresh: classAvg=0.00
2026-01-09 07:27:05 [INFO] Stats refresh: classAvg=0.00
2026-01-09 07:27:08 [INFO] Stats refresh: classAvg=0.00
2026-01-09 07:27:11 [INFO] Stats refresh: classAvg=0.00
2026-01-09 07:27:14 [INFO] Stats refresh: classAvg=0.00
2026-01-09 07:27:17 [INFO] Stats refresh: classAvg=0.00
2026-01-09 07:27:20 [INFO] Stats refresh: classAvg=0.00
2026-01-09 07:27:23 [INFO] Stats refresh: classAvg=0.00
2026-01-09 07:27:26 [INFO] Stats refresh: classAvg=0.00
2026-01-09 07:27:29 [INFO] Stats refresh: classAvg=0.00
2026-01-09 07:27:32 [INFO] Stats refresh: classAvg=0.00
2026-01-09 07:27:35 [INFO] Stats refresh: classAvg=0.00
2026-01-09 07:27:38 [INFO] Stats refresh: classAvg=0.00
2026-01-09 07:27:41 [INFO] Stats refresh: classAvg=0.00
2026-01-09 07:27:44 [INFO] Stats refresh: classAvg=0.00
2026-01-09 07:27:47 [INFO] Stats refresh: classAvg=0.00
2026-01-09 07:27:50 [INFO] Stats refresh: classAvg=0.00
2026-01-09 07:27:53 [INFO] Stats refresh: classAvg=0.00
2026-01-09 07:27:56 [INFO] Stats refresh: classAvg=0.00
2026-01-09 07:27:59 [INFO] Stats refresh: classAvg=0.00
2026-01-09 07:28:02 [INFO] Stats refresh: classAvg=0.00
2026-01-09 07:28:05 [INFO] Stats refresh: classAvg=0.00
2026-01-09 07:28:08 [INFO] Stats refresh: classAvg=0.00
2026-01-09 07:28:11 [INFO] Stats refresh: classAvg=0.00
2026-01-09 07:28:14 [INFO] Stats refresh: classAvg=0.00
2026-01-09 07:28:17 [INFO] Stats refresh: classAvg=0.00
2026-01-09 07:28:20 [INFO] Stats refresh: classAvg=0.00
2026-01-09 07:28:23 [INFO] Stats refresh: classAvg=0.00
2026-01-09 07:28:26 [INFO] Stats refresh: classAvg=0.00
2026-01-09 07:28:29 [INFO] Stats refresh: classAvg=0.00
2026-01-09 07:28:32 [INFO] Stats refresh: classAvg=0.00
2026-01-09 07:28:35 [INFO] Stats refresh: classAvg=0.00
2026-01-09 07:28:38 [INFO] Stats refresh: classAvg=0.00
2026-01-09 07:28:41 [INFO] Stats refresh: classAvg=0.00
2026-01-09 07:28:44 [INFO] Stats refresh: classAvg=0.00
2026-01-09 07:28:47 [INFO] Stats refresh: classAvg=0.00
2026-01-09 07:28:50 [INFO] Stats refresh: classAvg=0.00
2026-01-09 07:28:53 [INFO] Stats refresh: classAvg=0.00
2026-01-09 07:28:56 [INFO] Stats refresh: classAvg=0.00
2026-01-09 07:28:59 [INFO] Stats refresh: classAvg=0.00
2026-01-09 07:29:02 [INFO] Stats refresh: classAvg=0.00
2026-01-09 07:29:05 [INFO] Stats refresh: classAvg=0.00
2026-01-09 07:29:08 [INFO] Stats refresh: classAvg=0.00
2026-01-09 07:29:11 [INFO] Stats refresh: classAvg=0.00
2026-01-09 07:29:14 [INFO] Stats refresh: classAvg=0.00
2026-01-09 07:29:17 [INFO] Stats refresh: classAvg=0.00
2026-01-09 07:29:20 [INFO] Stats refresh: classAvg=0.00
2026-01-09 07:29:23 [INFO] Stats refresh: classAvg=0.00
2026-01-09 07:29:26 [INFO] Stats refresh: classAvg=0.00
2026-01-09 07:29:29 [INFO] Stats refresh: classAvg=0.00
2026-01-09 07:29:32 [INFO] Stats refresh: classAvg=0.00
2026-01-09 07:29:35 [INFO] Stats refresh: classAvg=0.00
2026-01-09 07:29:38 [INFO] Stats refresh: classAvg=0.00
2026-01-09 07:29:41 [INFO] Stats refresh: classAvg=0.00
2026-01-09 07:29:44 [INFO] Stats refresh: classAvg=0.00
2026-01-09 07:29:47 [INFO] Stats refresh: classAvg=0.00
2026-01-09 07:29:50 [INFO] Stats refresh: classAvg=0.00
2026-01-09 07:29:53 [INFO] Stats refresh: classAvg=0.00
2026-01-09 07:29:56 [INFO] Stats refresh: classAvg=0.00
2026-01-09 07:29:59 [INFO] Stats refresh: classAvg=0.00
2026-01-09 07:30:02 [INFO] Stats refresh: classAvg=0.00
2026-01-09 07:30:05 [INFO] Stats refresh: classAvg=0.00
2026-01-09 07:30:08 [INFO] Stats refresh: classAvg=0.00
2026-01-09 07:30:11 [INFO] Stats refresh: classAvg=0.00
2026-01-09 07:30:14 [INFO] Stats refresh: classAvg=0.00
2026-01-09 07:30:17 [INFO] Stats refresh: classAvg=0.00
2026-01-09 07:30:20 [INFO] Stats refresh: classAvg=0.00
2026-01-09 07:30:23 [INFO] Stats refresh: classAvg=0.00
2026-01-09 07:30:26 [INFO] Stats refresh: classAvg=0.00
2026-01-09 07:30:29 [INFO] Stats refresh: classAvg=0.00
2026-01-09 07:30:32 [INFO] Stats refresh: classAvg=0.00
2026-01-09 07:30:35 [INFO] Stats refresh: classAvg=0.00
2026-01-09 07:30:38 [INFO] Stats refresh: classAvg=0.00
2026-01-09 07:30:41 [INFO] Stats refresh: classAvg=0.00
2026-01-09 07:30:44 [INFO] Stats refresh: classAvg=0.00
2026-01-09 07:30:47 [INFO] Stats refresh: classAvg=0.00
2026-01-09 07:30:50 [INFO] Stats refresh: classAvg=0.00
2026-01-09 07:30:53 [INFO] Stats refresh: classAvg=0.00
2026-01-09 07:30:56 [INFO] Stats refresh: classAvg=0.00
2026-01-09 07:30:59 [INFO] Stats refresh: classAvg=0.00
2026-01-09 07:31:02 [INFO] Stats refresh: classAvg=0.00
2026-01-09 07:31:05 [INFO] Stats refresh: classAvg=0.00
2026-01-09 07:31:08 [INFO] Stats refresh: classAvg=0.00
2026-01-09 07:31:11 [INFO] Stats refresh: classAvg=0.00
2026-01-09 07:31:14 [INFO] Stats refresh: classAvg=0.00
2026-01-09 07:31:17 [INFO] Stats refresh: classAvg=0.00
2026-01-09 07:31:20 [INFO] Stats refresh: classAvg=0.00
2026-01-09 07:31:23 [INFO] Stats refresh: classAvg=0.00
2026-01-09 07:31:26 [INFO] Stats refresh: classAvg=0.00
2026-01-09 07:31:29 [INFO] Stats refresh: classAvg=0.00
2026-01-09 07:31:32 [INFO] Stats refresh: classAvg=0.00
2026-01-09 07:31:35 [INFO] Stats refresh: classAvg=0.00
2026-01-09 07:31:38 [INFO] Stats refresh: classAvg=0.00
2026-01-09 07:31:41 [INFO] Stats refresh: classAvg=0.00
2026-01-09 07:31:44 [INFO] Stats refresh: classAvg=0.00
2026-01-09 07:31:47 [INFO] Stats refresh: classAvg=0.00
2026-01-09 07:31:50 [INFO] Stats refresh: classAvg=0.00
2026-01-09 07:31:53 [INFO] Stats refresh: classAvg=0.00
2026-01-09 07:31:56 [INFO] Stats refresh: classAvg=0.00
2026-01-09 07:31:59 [INFO] Stats refresh: classAvg=0.00
2026-01-09 07:32:02 [INFO] Stats refresh: classAvg=0.00
2026-01-09 07:32:05 [INFO] Stats refresh: classAvg=0.00
2026-01-09 07:32:08 [INFO] Stats refresh: classAvg=0.00
2026-01-09 07:32:11 [INFO] Stats refresh: classAvg=0.00
2026-01-09 07:32:14 [INFO] Stats refresh: classAvg=0.00
2026-01-09 07:32:17 [INFO] Stats refresh: classAvg=0.00
2026-01-09 07:32:20 [INFO] Stats refresh: classAvg=0.00
2026-01-09 07:32:23 [INFO] Stats refresh: classAvg=0.00
2026-01-09 07:32:26 [INFO] Stats refresh: classAvg=0.00
2026-01-09 07:32:29 [INFO] Stats refresh: classAvg=0.00
2026-01-09 07:32:32 [INFO] Stats refresh: classAvg=0.00
2026-01-09 07:32:35 [INFO] Stats refresh: classAvg=0.00
2026-01-09 07:32:38 [INFO] Stats refresh: classAvg=0.00
2026-01-09 07:32:41 [INFO] Stats refresh: classAvg=0.00
2026-01-09 07:32:44 [INFO] Stats refresh: classAvg=0.00
2026-01-09 07:32:47 [INFO] Stats refresh: classAvg=0.00
2026-01-09 07:32:50 [INFO] Stats refresh: classAvg=0.00
2026-01-09 07:32:53 [INFO] Stats refresh: classAvg=0.00
2026-01-09 07:32:56 [INFO] Stats refresh: classAvg=0.00
2026-01-09 07:32:59 [INFO] Stats refresh: classAvg=0.00
2026-01-09 07:33:02 [INFO] Stats refresh: classAvg=0.00
2026-01-09 07:33:05 [INFO] Stats refresh: classAvg=0.00
2026-01-09 07:33:08 [INFO] Stats refresh: classAvg=0.00
2026-01-09 07:33:11 [INFO] Stats refresh: classAvg=0.00
2026-01-09 07:33:14 [INFO] Stats refresh: classAvg=0.00
2026-01-09 07:33:17 [INFO] Stats refresh: classAvg=0.00
2026-01-09 07:33:20 [INFO] Stats refresh: classAvg=0.00
2026-01-09 07:33:23 [INFO] Stats refresh: classAvg=0.00
2026-01-09 07:33:26 [INFO] Stats refresh: classAvg=0.00
2026-01-09 07:33:29 [INFO] Stats refresh: classAvg=0.00
2026-01-09 07:33:32 [INFO] Stats refresh: classAvg=0.00
2026-01-09 07:33:35 [INFO] Stats refresh: classAvg=0.00
2026-01-09 07:33:38 [INFO] Stats refresh: classAvg=0.00
2026-01-09 07:33:41 [INFO] Stats refresh: classAvg=0.00
2026-01-09 07:33:44 [INFO] Stats refresh: classAvg=0.00
2026-01-09 07:33:47 [INFO] Stats refresh: classAvg=0.00
2026-01-09 07:33:50 [INFO] Stats refresh: classAvg=0.00
2026-01-09 07:33:53 [INFO] Stats refresh: classAvg=0.00
2026-01-09 07:33:56 [INFO] Stats refresh: classAvg=0.00
2026-01-09 07:33:59 [INFO] Stats refresh: classAvg=0.00
2026-01-09 07:34:02 [INFO] Stats refresh: classAvg=0.00
2026-01-09 07:34:05 [INFO] Stats refresh: classAvg=0.00
2026-01-09 07:34:08 [INFO] Stats refresh: classAvg=0.00
2026-01-09 07:34:11 [INFO] Stats refresh: classAvg=0.00
2026-01-09 07:34:14 [INFO] Stats refresh: classAvg=0.00
2026-01-09 07:34:17 [INFO] Stats refresh: classAvg=0.00
2026-01-09 07:34:20 [INFO] Stats refresh: classAvg=0.00
2026-01-09 07:34:23 [INFO] Stats refresh: classAvg=0.00
2026-01-09 07:34:26 [INFO] Stats refresh: classAvg=0.00
2026-01-09 07:34:29 [INFO] Stats refresh: classAvg=0.00
2026-01-09 07:34:32 [INFO] Stats refresh: classAvg=0.00
2026-01-09 07:34:35 [INFO] Stats refresh: classAvg=0.00
2026-01-09 07:34:38 [INFO] Stats refresh: classAvg=0.00
2026-01-09 07:34:41 [INFO] Stats refresh: classAvg=0.00
2026-01-09 07:34:44 [INFO] Stats refresh: classAvg=0.00
2026-01-09 07:34:47 [INFO] Stats refresh: classAvg=0.00
2026-01-09 07:34:50 [INFO] Stats refresh: classAvg=0.00
2026-01-09 07:34:53 [INFO] Stats refresh: classAvg=0.00
2026-01-09 07:34:56 [INFO] Stats refresh: classAvg=0.00
2026-01-09 07:34:59 [INFO] Stats refresh: classAvg=0.00
2026-01-09 07:35:02 [INFO] Stats refresh: classAvg=0.00
2026-01-09 07:35:05 [INFO] Stats refresh: classAvg=0.00
2026-01-09 07:35:08 [INFO] Stats refresh: classAvg=0.00
2026-01-09 07:35:11 [INFO] Stats refresh: classAvg=0.00
2026-01-09 07:35:14 [INFO] Stats refresh: classAvg=0.00
2026-01-09 07:35:17 [INFO] Stats refresh: classAvg=0.00
2026-01-09 07:35:20 [INFO] Stats refresh: classAvg=0.00
2026-01-09 07:35:23 [INFO] Stats refresh: classAvg=0.00
2026-01-09 07:35:26 [INFO] Stats refresh: classAvg=0.00
2026-01-09 07:35:29 [INFO] Stats refresh: classAvg=0.00
2026-01-09 07:35:32 [INFO] Stats refresh: classAvg=0.00
2026-01-09 07:35:35 [INFO] Stats refresh: classAvg=0.00
2026-01-09 07:35:38 [INFO] Stats refresh: classAvg=0.00
2026-01-09 07:35:41 [INFO] Stats refresh: classAvg=0.00
2026-01-09 07:35:44 [INFO] Stats refresh: classAvg=0.00
2026-01-09 07:35:47 [INFO] Stats refresh: classAvg=0.00
2026-01-09 07:35:50 [INFO] Stats refresh: classAvg=0.00
2026-01-09 07:35:53 [INFO] Stats refresh: classAvg=0.00
2026-01-09 07:35:56 [INFO] Stats refresh: classAvg=0.00
2026-01-09 07:35:59 [INFO] Stats refresh: classAvg=0.00
2026-01-09 07:36:02 [INFO] Stats refresh: classAvg=0.00
2026-01-09 07:36:05 [INFO] Stats refresh: classAvg=0.00
2026-01-09 07:36:08 [INFO] Stats refresh: classAvg=0.00
2026-01-09 07:36:11 [INFO] Stats refresh: classAvg=0.00
2026-01-09 07:36:14 [INFO] Stats refresh: classAvg=0.00
2026-01-09 07:36:17 [INFO] Stats refresh: classAvg=0.00
2026-01-09 07:36:20 [INFO] Stats refresh: classAvg=0.00
2026-01-09 07:36:23 [INFO] Stats refresh: classAvg=0.00
2026-01-09 07:36:26 [INFO] Stats refresh: classAvg=0.00
2026-01-09 07:36:29 [INFO] Stats refresh: classAvg=0.00
2026-01-09 07:36:32 [INFO] Stats refresh: classAvg=0.00
2026-01-09 07:36:35 [INFO] Stats refresh: classAvg=0.00
2026-01-09 07:36:38 [INFO] Stats refresh: classAvg=0.00
2026-01-09 07:36:41 [INFO] Stats refresh: classAvg=0.00
2026-01-09 07:36:44 [INFO] Stats refresh: classAvg=0.00
2026-01-09 07:36:47 [INFO] Stats refresh: classAvg=0.00
2026-01-09 07:36:50 [INFO] Stats refresh: classAvg=0.00
2026-01-09 07:36:53 [INFO] Stats refresh: classAvg=0.00
2026-01-09 07:36:56 [INFO] Stats refresh: classAvg=0.00
2026-01-09 07:36:59 [INFO] Stats refresh: classAvg=0.00
2026-01-09 07:37:02 [INFO] Stats refresh: classAvg=0.00
2026-01-09 07:37:05 [INFO] Stats refresh: classAvg=0.00
2026-01-09 07:37:08 [INFO] Stats refresh: classAvg=0.00
2026-01-09 07:37:11 [INFO] Stats refresh: classAvg=0.00
2026-01-09 07:37:14 [INFO] Stats refresh: classAvg=0.00
2026-01-09 07:37:17 [INFO] Stats refresh: classAvg=0.00
2026-01-09 07:37:20 [INFO] Stats refresh: classAvg=0.00
2026-01-09 07:37:23 [INFO] Stats refresh: classAvg=0.00
2026-01-09 07:37:26 [INFO] Stats refresh: classAvg=0.00
2026-01-09 07:37:29 [INFO] Stats refresh: classAvg=0.00
2026-01-09 07:37:32 [INFO] Stats refresh: classAvg=0.00
2026-01-09 07:37:35 [INFO] Stats refresh: classAvg=0.00
2026-01-09 07:37:38 [INFO] Stats refresh: classAvg=0.00
2026-01-09 07:37:41 [INFO] Stats refresh: classAvg=0.00
2026-01-09 07:37:44 [INFO] Stats refresh: classAvg=0.00
2026-01-09 09:59:07 [INFO] Parallel export done: total=59ms csv=14ms json=0ms bin=0ms
2026-01-09 09:59:07 [INFO] Parallel export done: total=59ms csv=14ms json=0ms bin=0ms
2026-01-09 09:59:07 [INFO] Parallel export done: total=59ms csv=14ms json=0ms bin=0ms
2026-01-09 10:23:44 [INFO] Parallel export done: total=91ms csv=9ms json=7ms bin=42ms
2026-01-09 10:42:01 [ERROR] Add Student: regex validation failed
   -> com.amalitech.exceptions.ValidationException: X VALIDATION ERROR: Invalid Student ID format
  Pattern required: STU### (STU followed by exactly 3 digits)
  Examples: STU001, STU042, STU999
  Your input: s
2026-01-09 10:42:40 [INFO] Parallel export done: total=31ms csv=0ms json=0ms bin=12ms
2026-01-09 10:43:44 [ERROR] Export Report: unexpected error
   -> java.util.concurrent.RejectedExecutionException: Task java.util.concurrent.FutureTask@4361bd48[Not completed, task = com.amalitech.io.ExportCoordinator$$Lambda/0x0000018f2401e208@26f0a63f] rejected from java.util.concurrent.ThreadPoolExecutor@30dae81[Terminated, pool size = 0, active threads = 0, queued tasks = 0, completed tasks = 1]
2026-01-09 11:02:58 [INFO] Parallel export done: total=13ms csv=10ms json=10ms bin=13ms
2026-01-09 11:04:07 [ERROR] Export Report: unexpected error
   -> java.util.concurrent.RejectedExecutionException: Task java.util.concurrent.FutureTask@7e0b37bc[Not completed, task = com.amalitech.io.ExportCoordinator$$Lambda/0x000002993a014228@64a294a6] rejected from java.util.concurrent.ThreadPoolExecutor@30dae81[Terminated, pool size = 0, active threads = 0, queued tasks = 0, completed tasks = 3]
2026-01-09 11:04:48 [ERROR] Export Report: unexpected error
   -> java.util.concurrent.RejectedExecutionException: Task java.util.concurrent.FutureTask@5d22bbb7[Not completed, task = com.amalitech.io.ExportCoordinator$$Lambda/0x000002993a014228@762efe5d] rejected from java.util.concurrent.ThreadPoolExecutor@30dae81[Terminated, pool size = 0, active threads = 0, queued tasks = 0, completed tasks = 3]
2026-01-09 11:05:19 [ERROR] Export Report: unexpected error
   -> java.util.concurrent.RejectedExecutionException: Task java.util.concurrent.FutureTask@3830f1c0[Not completed, task = com.amalitech.io.ExportCoordinator$$Lambda/0x000002993a00da68@41a4555e] rejected from java.util.concurrent.ThreadPoolExecutor@30dae81[Terminated, pool size = 0, active threads = 0, queued tasks = 0, completed tasks = 3]
2026-01-09 13:00:51 [INFO] Parallel export done: total=61ms csv=10ms json=0ms bin=0ms
2026-01-09 13:00:51 [INFO] Parallel export done: total=61ms csv=10ms json=0ms bin=0ms
2026-01-09 13:00:51 [INFO] Parallel export done: total=61ms csv=13ms json=0ms bin=0ms
2026-01-09 13:02:09 [ERROR] Batch export for STU002: unexpected error
   -> java.util.concurrent.RejectedExecutionException: Task java.util.concurrent.FutureTask@68e771b4[Not completed, task = com.amalitech.io.ExportCoordinator$$Lambda/0x00000170bf026888@6cd8f8f7] rejected from java.util.concurrent.ThreadPoolExecutor@30dae81[Terminated, pool size = 0, active threads = 0, queued tasks = 0, completed tasks = 3]
2026-01-09 13:02:09 [ERROR] Batch export for STU003: unexpected error
   -> java.util.concurrent.RejectedExecutionException: Task java.util.concurrent.FutureTask@39953292[Not completed, task = com.amalitech.io.ExportCoordinator$$Lambda/0x00000170bf026888@3daab1ff] rejected from java.util.concurrent.ThreadPoolExecutor@30dae81[Terminated, pool size = 0, active threads = 0, queued tasks = 0, completed tasks = 3]
2026-01-09 13:02:09 [ERROR] Batch export for STU001: unexpected error
   -> java.util.concurrent.RejectedExecutionException: Task java.util.concurrent.FutureTask@447162[Not completed, task = com.amalitech.io.ExportCoordinator$$Lambda/0x00000170bf026888@4546e7ae] rejected from java.util.concurrent.ThreadPoolExecutor@30dae81[Terminated, pool size = 0, active threads = 0, queued tasks = 0, completed tasks = 3]
2026-01-10 04:32:10 [INFO] Parallel export done: total=93ms csv=20ms json=11ms bin=53ms
2026-01-10 04:37:52 [ERROR] Batch export for STU001: unexpected error
   -> java.util.concurrent.RejectedExecutionException: Task java.util.concurrent.FutureTask@428f4088[Not completed, task = com.amalitech.io.ExportCoordinator$$Lambda/0x000002620100da68@46b0dc86] rejected from java.util.concurrent.ThreadPoolExecutor@30dae81[Terminated, pool size = 0, active threads = 0, queued tasks = 0, completed tasks = 3]
2026-01-10 04:37:52 [ERROR] Batch export for STU002: unexpected error
   -> java.util.concurrent.RejectedExecutionException: Task java.util.concurrent.FutureTask@52660cc8[Not completed, task = com.amalitech.io.ExportCoordinator$$Lambda/0x000002620100da68@5ca1f92c] rejected from java.util.concurrent.ThreadPoolExecutor@30dae81[Terminated, pool size = 0, active threads = 0, queued tasks = 0, completed tasks = 3]
2026-01-10 04:37:52 [ERROR] Batch export for STU003: unexpected error
   -> java.util.concurrent.RejectedExecutionException: Task java.util.concurrent.FutureTask@41b3a6c8[Not completed, task = com.amalitech.io.ExportCoordinator$$Lambda/0x000002620100da68@4f744156] rejected from java.util.concurrent.ThreadPoolExecutor@30dae81[Terminated, pool size = 0, active threads = 0, queued tasks = 0, completed tasks = 3]
2026-01-10 06:13:10 [INFO] [SCHEDULE] id=TASK-001 type=DAILY name=GPA_Recalc time=03:30 scope=All Students(3) threads=4 notify=Log file only recipient=- next=2026-01-11 03:30:00
2026-01-10 10:10:47 [ERROR] Record Grade: invalid grade value=400.0
   -> java.lang.Throwable: null
2026-01-10 10:12:24 [ERROR] Export Report: export failed
   -> java.lang.Throwable: null
2026-01-10 10:13:38 [ERROR] Export Report: unexpected error
   -> java.lang.Throwable: null
2026-01-10 10:15:14 [ERROR] Export Report: unexpected error
   -> java.lang.Throwable: null
2026-01-10 10:27:00 [INFO] Parallel export done: total=14ms csv=7ms json=0ms bin=0ms
2026-01-10 10:27:29 [ERROR] Export Report: unexpected error
   -> java.lang.Throwable: null
2026-01-10 10:27:46 [ERROR] Export Report: unexpected error
   -> java.lang.Throwable: null
2026-01-10 10:28:29 [ERROR] Export Report: unexpected error
   -> java.lang.Throwable: null
2026-01-10 10:28:43 [ERROR] Export Report: unexpected error
   -> java.lang.Throwable: null
2026-01-10 10:29:25 [INFO] Parallel export done: total=53ms csv=13ms json=10ms bin=41ms
2026-01-10 10:45:36 [INFO] Parallel export done: total=106ms csv=11ms json=5ms bin=52ms
2026-01-10 10:45:36 [INFO] Parallel export done: total=106ms csv=11ms json=2ms bin=46ms
2026-01-10 10:45:36 [INFO] Parallel export done: total=112ms csv=11ms json=5ms bin=46ms
